liquid_inlet_flow_vol,liquid_inlet_conc_mol_comp_H2SO4,solid_inlet_flow_mass,solid_inlet_mass_frac_comp_Al2O3,solid_inlet_mass_frac_comp_CaO,solid_inlet_mass_frac_comp_Ce2O3,solid_inlet_mass_frac_comp_Dy2O3,solid_inlet_mass_frac_comp_Fe2O3,solid_inlet_mass_frac_comp_Gd2O3,solid_inlet_mass_frac_comp_La2O3,solid_inlet_mass_frac_comp_Nd2O3,solid_inlet_mass_frac_comp_Pr2O3,solid_inlet_mass_frac_comp_Sc2O3,solid_inlet_mass_frac_comp_Sm2O3,solid_inlet_mass_frac_comp_Y2O3,solid_inlet_mass_frac_comp_inerts,liquid_outlet_flow_vol,liquid_outlet_conc_mass_comp_H,liquid_outlet_conc_mass_comp_HSO4,liquid_outlet_conc_mass_comp_SO4,liquid_outlet_conc_mass_comp_Al,liquid_outlet_conc_mass_comp_Ca,liquid_outlet_conc_mass_comp_Ce,liquid_outlet_conc_mass_comp_Dy,liquid_outlet_conc_mass_comp_Fe,liquid_outlet_conc_mass_comp_Gd,liquid_outlet_conc_mass_comp_La,liquid_outlet_conc_mass_comp_Nd,liquid_outlet_conc_mass_comp_Pr,liquid_outlet_conc_mass_comp_Sc,liquid_outlet_conc_mass_comp_Sm,liquid_outlet_conc_mass_comp_Y,solid_outlet_flow_mass,solid_outlet_mass_frac_comp_Al2O3,solid_outlet_mass_frac_comp_CaO,solid_outlet_mass_frac_comp_Ce2O3,solid_outlet_mass_frac_comp_Dy2O3,solid_outlet_mass_frac_comp_Fe2O3,solid_outlet_mass_frac_comp_Gd2O3,solid_outlet_mass_frac_comp_La2O3,solid_outlet_mass_frac_comp_Nd2O3,solid_outlet_mass_frac_comp_Pr2O3,solid_outlet_mass_frac_comp_Sc2O3,solid_outlet_mass_frac_comp_Sm2O3,solid_outlet_mass_frac_comp_Y2O3,solid_outlet_mass_frac_comp_inerts
0.3429623070935466,0.7380135588073929,0.38567387702784095,0.6344203374880474,0.657883317097403,0.9591571498753391,0.8444299485908513,0.6644792919599967,0.8513307882973572,0.24642526365718476,0.6064537598850872,0.673856598765651,0.962608672339508,0.24129349644553658,0.6742866417215969,0.35816588922511056,0.343420744036367,0.37373083269915797,0.5111868421732555,0.6157268746821035,0.7114718723545453,0.3755181535472047,0.5437681930563596,0.4431633197966754,0.5675292897167626,0.6097466873701335,0.4235623367597958,0.5153728243212583,0.44830847482170816,0.5129322274735053,0.3343913275934521,0.4466693751061208,0.3566290248199219,0.5592828299337237,0.48182914038414926,0.37386532336277895,0.5922955548199673,0.3279522846071705,0.09523215065059748,0.25371332483127657,0.1677844229201074,0.28651417531528844,0.8946795258392837,0.20933538807567614,0.4882355139819758,0.5077975541655028
0.6318714131599927,0.22737230983572035,0.5457828178934081,0.18104416241082444,0.6942816558420433,0.9169081771741323,0.13547509489398024,0.9944010589169519,0.6943055791981494,0.3837189434440313,0.5705597223020012,0.6417750280838556,0.877159972978953,0.16058274288536079,0.33440615129531515,0.6428804080076621,0.6292470066704309,0.2485120828479037,0.14329429982374844,0.2606140435663487,0.22739161163536323,0.1447654699170918,0.2605618298935608,0.1189199419320117,0.2571638596218727,0.3477004023864867,0.173199986747459,0.2522479513140019,0.21303297142149658,0.19783952826602902,0.12494971557347899,0.15749904708615578,0.5451483001287107,0.5562945590876899,0.6925445149795781,0.5637256570599761,0.31946334106883784,0.6634766772161276,0.2164214485853638,0.5069220904366663,0.3663238873733278,0.45418674943032694,0.8504672991440664,0.27087698939449534,0.46438100888839695,0.41940204373647955
0.7486941800631978,0.7641518743913407,0.7785836617659067,0.8207414179928345,0.7309297314870317,0.7196442984059825,0.7895347978239486,0.7913617979777449,0.7867570757945104,0.8106541753659279,0.5293064417147861,0.32830683971816516,0.8301668971567968,0.7434521596050389,0.30301290779347173,0.18528231631478223,0.7487951672742704,0.5973610634556591,0.6530485848335342,0.49441302648191576,0.7140899962375055,0.1545792996310039,0.32121584493912186,0.24578685686791038,0.4427340998340381,0.46262042004348336,0.26651636351597463,0.35133270957087975,0.21300138489199155,0.345634513852567,0.29731814178250426,0.2516261057679211,0.6623790743914465,0.5482528175800941,0.7776103004243421,0.3672127984194839,0.6919282733661911,0.39309179385839393,0.08584421494381911,0.5187404860834721,0.2080433483633721,0.24703297128105478,0.8179021153871306,0.5654076362924381,0.41022198766355117,0.495852729964952
0.7780836638228764,0.6592136042198427,0.7812254967941916,0.49636394630125574,0.06202436021428515,0.00022511182463588592,0.18052728926703518,0.19431391479902183,0.6415320551433976,0.39134388359890226,0.5032204696041856,0.22118553031725025,0.998604501083572,0.44390145057937286,0.9751414292201157,0.5735530389070891,0.7774987394833166,0.583307824905327,0.5638068783077784,0.4372792122080436,0.6264755152223238,0.09609279424003002,0.15040033872276237,0.15960114232464145,0.37150789541655593,0.40574296810880395,0.22149920443378762,0.32581921058043145,0.17393888344726857,0.3400681520171974,0.22653048923502966,0.27530912164292987,0.680512816713216,0.4441523881614862,0.5967758413559272,0.11339234023105824,0.3379808283007978,0.26728020147344383,0.08017865431969548,0.45414485306278457,0.21880770642394703,0.21660024305591186,0.9651066373391298,0.39512814136463925,0.7547153395429671,0.6106491059198252
0.2983575794396971,0.17048516627161417,0.485088398493465,0.8573624159585704,0.473433178381137,0.7667428544348747,0.3346087862090799,0.12730880813760428,0.0662782093477641,0.5975500245442079,0.48731594259599154,0.000993640911895744,0.4689074891673443,0.06227209847204333,0.8937437362223175,0.29998614849686484,0.296695854548409,0.10916118411102188,0.06430119840301605,0.26392331729259355,0.17710697215515722,0.4221616391718748,0.38626818042568284,0.28588608916156644,0.2646225363324982,0.28247179372781817,0.3850079858981063,0.3846511188378165,0.21235083694756327,0.2105188072809988,0.19816243095011934,0.3070921514829457,0.5124878147608074,0.8955174778476362,0.42607274595436495,0.5015121132340937,0.3904896952854534,0.4951045880993885,0.16564555043006798,0.48743239359489227,0.3847635800608294,0.16228714972590236,0.4801066921468712,0.20772857907901238,0.7282594752785677,0.20724177236435262
0.12379683153729018,0.7616888325472937,0.3670482314529596,0.11320562522336938,0.9123327562547708,0.6831119417366915,0.978336850953945,0.6451736924303313,0.7121245354081235,0.8453170705378178,0.34544757966287926,0.9621436430952628,0.6714803037453628,0.5869515891208852,0.2086097807918945,0.7676156504551273,0.12455090629855081,0.2322858342190397,0.40269855919075387,0.7743057404185979,0.7133686500403236,0.8397412794627505,0.7555125449345266,0.8335879508824369,0.8071333529771979,0.8258428501927051,0.8490830119112125,0.7501982503698521,0.8894956460564264,0.6793975054037009,0.6985883925934346,0.6671087379710573,0.361542004324094,0.4447758348438938,0.3263992147936132,0.24433073038042732,0.5640360446986074,0.3363213100822548,0.10076957133281805,0.24407508381347678,0.11333650428268208,0.3224118364187361,0.6071703559167431,0.3518743433864497,0.20132471590703108,0.5950336121819451
0.3707334692509318,0.47877710377025384,0.9793877357920073,0.019863434263425978,0.7519244323385617,0.9863971474560356,0.962966949178954,0.9325936871203386,0.7576911832683024,0.4705549617136353,0.3674923016418815,0.8762909733727057,0.0896528978041254,0.7371453806618735,0.12049255996059574,0.781404917190111,0.37022388441235093,0.2251601901939285,0.25747221768960993,0.5119977324657762,0.44001007158741484,0.560846117475255,0.6488154900369888,0.5351844042994003,0.56424090018826,0.7182377101764622,0.5499789540446476,0.5752123438638174,0.6330437430529691,0.30279695348163854,0.5004158594785195,0.4075921724167806,0.9104293890087927,0.47911348315263647,0.5495084682628423,0.5097714303505014,0.7234554709558796,0.581638719886753,0.18888110614461323,0.40807352820819603,0.25135253655581546,0.46657973959032584,0.1313773818245117,0.5630067941000944,0.29737930997735346,0.5016419291891168
0.6238544446120647,0.6354525858617218,0.7908436777386143,0.03849780941112131,0.8181806915661477,0.5027962487938038,0.41538206657513516,0.0014470740314571535,0.25322376742765784,0.8581169984669282,0.5883983920985807,0.30393084418173516,0.3590307661533465,0.36632823877078535,0.35767366455612964,0.9635543565549571,0.6234355710086684,0.4857261642769644,0.5042182533334653,0.4689464188938186,0.6064879019033582,0.23446966613637304,0.3223391137257668,0.2503247375814415,0.4153534163615341,0.356127856902456,0.33267223204252455,0.41718339592862613,0.25344213738751425,0.29743339631580235,0.27041345997264016,0.2956212893730301,0.7055406403322592,0.3135197292962439,0.733040122851343,0.2849196202822637,0.44416859481324444,0.22465609122067398,0.05116489784845612,0.501285462770365,0.22768532104050643,0.2316972397849408,0.36959341751509717,0.33406596766694585,0.41325450848346795,0.72019189044379
0.5274092670164963,0.49384431140817014,0.34496549341564475,0.3944363344061353,0.5364431968157715,0.17219210373586158,0.717962788340017,0.34968010195202487,0.1647013235155807,0.5624745112982015,0.542544151394015,0.6429323089262474,0.9043535677027763,0.8624736468731571,0.06107777421142478,0.6150588138173797,0.5264314476230559,0.4097505643505578,0.3697422076850472,0.40744530073489854,0.4833112029132315,0.16560147823544327,0.18796128761615366,0.23935931048735817,0.3570154993673712,0.26129573031070685,0.2486404691261903,0.3229147355648358,0.26880551822950977,0.3181411737305505,0.3007035822313225,0.22026215418020037,0.3348131023527575,0.48646257518676894,0.5845391711599782,0.15612909364057773,0.5923077446363308,0.31457126664579577,0.047427562574227415,0.40950101235158115,0.2131101444297519,0.3428409221611906,0.8579904515420802,0.6089519395205552,0.251002273721038,0.5660308153187005
0.20355694379140396,0.06377976400913905,0.25159899348791903,0.4326801526793853,0.07046031932589181,0.5160631714637147,0.23671793180043463,0.7086186044282853,0.5497461627367288,0.1468517207117703,0.05892062050561006,0.852168530115767,0.06130349469373953,0.39803551150433836,0.6515915093414256,0.5142656057557192,0.20182089515359203,0.05169494215639802,0.01724138167971317,0.15512116621300273,0.06762403115306478,0.3893358025698751,0.2576971760710288,0.22735661371394933,0.1753501445880014,0.2853178895478954,0.29845143674241575,0.2369455822841349,0.3734546926282124,0.10089685126834042,0.1967862218284097,0.21234404341340912,0.31949001084202905,0.7563383864047865,0.2967800034849729,0.46303238465777113,0.36296948846032684,0.7586073341582847,0.4378314577772824,0.46308408431069,0.3828668256034619,0.5953318185476492,0.12999673595146083,0.4510624563622332,0.6571524835035887,0.24589286553552486
0.34800842846729363,0.8948025552913407,0.2957910302203443,0.5511456815918525,0.5293463996335769,0.13628749915382427,0.815319960247837,0.8226378220627476,0.8253676401505063,0.5079380715706137,0.7289590766843704,0.7339113862359274,0.7584070493445331,0.995338816597275,0.05411003873796626,0.39260486367793557,0.3489873506116751,0.46987510030785945,0.6837385362660301,0.6563137133609448,0.8454588564965528,0.3220201352675787,0.2875743045152166,0.4257047512578968,0.6081751596692389,0.5701955542159792,0.42274096293398694,0.5176397815143283,0.44306788459820867,0.5023489343413343,0.5185299880829373,0.38131432893828043,0.26111050541132796,0.4241339355791114,0.4640031263056933,0.08373583879434818,0.566635635984715,0.28883033992525736,0.06555533486707098,0.27018864901038314,0.1463922289243639,0.28116395278856926,0.7084414650351945,0.5963253313081516,0.17080239833562316,0.6219062528349616
0.1562216447998109,0.36571802278385407,0.33533934448147146,0.5582400475921241,0.11453209043428847,0.8860949040750362,0.7028150490683386,0.09314916307826474,0.9032286126870492,0.5195830125791966,0.2937341441605486,0.6500055894630318,0.5326333126516181,0.5594403071640579,0.9810583273983038,0.5445359228290797,0.15573476634352457,0.1441899690098731,0.150104252277367,0.4626954500507945,0.35874178195913464,0.5846931626516018,0.6440098458661009,0.5644609040834742,0.4727248702886368,0.7316159425328305,0.6185209222133715,0.5618779529289051,0.5894784856342388,0.4001360610451141,0.49250578300581943,0.5517472492090582,0.3647944023319439,0.7275077415276192,0.20682825871302846,0.4152339626060881,0.49075293366778605,0.35909957736566256,0.2321408520732229,0.30335694880239256,0.20753712204466607,0.3076457772260685,0.509920496588528,0.41380667713707336,0.6560789871552694,0.3739158980994126
0.45991262757354645,0.2801081246262771,0.23293261681481,0.47130526747594204,0.8265660629735027,0.3583119820420374,0.024252635112072235,0.577465001005478,0.6283170974309639,0.8000143281839601,0.2075547584488601,0.31277510026102645,0.3355154931365292,0.028804813989875527,0.4063343102496537,0.5037242186284583,0.45813189800058746,0.2541348298055938,0.17297757348913845,0.30694940788116226,0.28508429489987325,0.19201743460721,0.19762246174545145,0.13982188303965554,0.28336643915009685,0.3460309670625515,0.2330243813691813,0.2401211999108307,0.1784097524537814,0.1831144389733551,0.1328706060215669,0.2017162381688204,0.2660134163606928,0.641858351924529,0.6084864935098206,0.26208047743972673,0.20827280717058472,0.47978053387182557,0.1573238098073857,0.4845942505388875,0.21852443847013978,0.24794226617354898,0.35157122660953416,0.15630140438713422,0.44543186260990775,0.4035697645491486
0.5454988873679859,0.17736488107998183,0.9169200234835431,0.7244830733757643,0.5463064338236194,0.6008880812965361,0.4407158536820741,0.029086617749905105,0.5070058606285502,0.8980696629674442,0.6982193248496322,0.2958210059132936,0.8882234976561862,0.2930922657965581,0.9385133968453605,0.4236980807105557,0.5429615632392827,0.1547239019170236,0.08580647004126016,0.2499488683800456,0.19076288108361067,0.2847166370389995,0.2819527641423127,0.21601977168597825,0.23092789290305027,0.37423481242918155,0.2975490193292524,0.3468138246623946,0.2289083653237782,0.21660234201751918,0.1870403782679368,0.2388282239910937,0.889047836511772,0.8269945563485424,0.616531213035232,0.4716025423566895,0.5068302799352444,0.47694462518071773,0.2682574517233874,0.6452763644576761,0.4736064065525163,0.3326081199153198,0.8636972959298559,0.37436660986048753,0.7961102704729259,0.26219327123457914
0.42709734911532327,0.6534363273939164,0.8026836755388612,0.759628806295979,0.9763436913768683,0.5971619525559395,0.9851254985990541,0.29473403990268293,0.5248024954813687,0.18028919183575987,0.06309618668305857,0.827244371497835,0.42685497306773024,0.464285740556776,0.10399556511183665,0.33590695900284395,0.4272139600906743,0.325936453580222,0.4248555301812184,0.5860332478482799,0.641119626495653,0.45662435092007253,0.4726026501477192,0.47953418196359876,0.5270985905520367,0.5592614947091107,0.45057618928290577,0.45566263416961456,0.5383424003086656,0.38480275753390175,0.40042475477526457,0.38349130320432123,0.728235807087754,0.6836239340424449,0.6288239515269157,0.30778749660623594,0.722294541356474,0.32822255529020083,0.09741903751450261,0.31915902512831573,0.13958358498026932,0.4048640298338888,0.426065922557283,0.3744271763550437,0.26369100237890175,0.4111924705801017
0.39391077683189835,0.4630920825458133,0.1061348587502589,0.39708164766919635,0.3486022119394282,0.6738293086731368,0.13966270535066136,0.8779695747301114,0.6801483207240143,0.12486572767843916,0.10511025484878767,0.6335963969140863,0.35685355293983995,0.041231338559596535,0.6941674971846468,0.5030139443623436,0.39309549581606507,0.35175682938987884,0.3229498885474984,0.4139969253432836,0.4497192802226702,0.1780513411856083,0.29730697598013894,0.18933825794614031,0.38991246444535016,0.3846734353717248,0.24030336790943835,0.2638382892753961,0.274032970326549,0.2512433483140273,0.1708008695678168,0.28178938927279434,0.13447574078557864,0.5069595227188675,0.44173432980271266,0.30592017416211686,0.23078905632928615,0.424599136729324,0.09578790664246306,0.2718535214301852,0.11882638380374781,0.30148984709053506,0.357474698075135,0.12121300092872997,0.525732231247563,0.5230322892453563
0.3144220416140442,0.474286943818925,0.896615650392953,0.9647876333528737,0.9174901538043845,0.7416342835325215,0.9357513403665615,0.6966723302540684,0.1803014547543136,0.9825621871043161,0.9062290156005106,0.8868734915215409,0.1446811883275909,0.3218529549274869,0.7418351859473568,0.09063155229920797,0.3140402897939284,0.18762143363206824,0.2270182047468104,0.5397531074132202,0.4563980388819096,0.6623913135837821,0.6058528927300272,0.5813559851962987,0.550233001515739,0.492477195861358,0.6495707820665115,0.7187395334704025,0.6818283416177462,0.32413465232963756,0.41881084481538444,0.5096682206944272,0.8414254038020017,0.8786416258704924,0.5251245082250683,0.4041711655965083,0.6876250163356432,0.5337711982620985,0.1079819080155027,0.4754383089762777,0.3594267916340069,0.4556814787852659,0.18029757208660957,0.3148343863133678,0.5947970884398884,0.20904935259904917
0.5736827708020997,0.10057157831371413,0.8716402200822515,0.08560029857438096,0.1373977546512628,0.8593264703246682,0.1680470290175688,0.9989875397474204,0.5879846285313567,0.20043174236168798,0.31841744326744464,0.9794111613518757,0.6165436178382127,0.4911695927469135,0.9895069168495831,0.7227096869198713,0.570574314677256,0.11793226330351601,0.046120828947691525,0.1782861628209147,0.10722276693443616,0.2003776565212427,0.25334135511753897,0.13452126473414922,0.1903273685350771,0.3085950662153446,0.19146781786369227,0.22312966916288124,0.29715871532325105,0.13478512007844975,0.15845861390486238,0.1740479214152715,0.8602456517283441,0.5934468021352794,0.5462611980422858,0.6565165422138557,0.3769229142240007,0.8144409242920597,0.37383032784828957,0.5668344188073007,0.4520216302310763,0.7244945501894319,0.6291609614312205,0.5310082762444455,0.862201158337533,0.3527375287160832
0.3738627140011105,0.39807276450503776,0.7593499160245241,0.09307563678386675,0.27042160508882096,0.7444317774029703,0.4593771122273796,0.9043279298222638,0.09938697369648575,0.31944269780282514,0.8236632953220235,0.9497090280487114,0.39710914739217673,0.5218835881261977,0.5748385290403544,0.7356159148891787,0.3729646140191682,0.21530083386346313,0.21207159335703432,0.4413744230836412,0.37297468097882036,0.4159494665942218,0.48845765634478083,0.3730270147387204,0.47898266883323803,0.38290327178849604,0.4493405235758182,0.5693753636296803,0.5617478389186806,0.3118308290599771,0.3785262780927907,0.38868858314036964,0.7241970250555793,0.5155615776466248,0.4295902460834048,0.41727920504164556,0.4414348491831024,0.584799223132786,0.0915165977602382,0.38474568263387676,0.35036659679963406,0.502103100335264,0.40502103695172237,0.439993063419543,0.5248402795213267,0.4742658127627121
0.8951846815497513,0.8271945255375115,0.987101513737265,0.8185315971042467,0.1494604622440767,0.2755947620782605,0.3545595680615319,0.48001371591278197,0.30017856111945707,0.6997929667049239,0.026121081177286114,0.9475509486576528,0.6882583849507103,0.5024562825964216,0.32680335026180535,0.26009375011759994,0.8954810162021891,0.703964824292719,0.7484669224378491,0.48131195501160434,0.7674538803633778,0.08866785308782274,0.21462570667399106,0.17689704177217516,0.41668059160396537,0.3203715747624334,0.23638411201705944,0.26981152575036915,0.32448986135264474,0.3155762926801906,0.24128038529547474,0.2367550922363059,0.8245423086439752,0.5015244230514114,0.6801202955875708,0.21423663812351273,0.46282059282013266,0.31772774686438365,0.041625685560681934,0.5406729788152086,0.13135623089428006,0.5262646008989172,0.6968514443639006,0.43911789984491545,0.4462787673459696,0.5525962307856862
0.5641091058453949,0.390850603830722,0.39527762835373415,0.0011496065697386754,0.8288542114435892,0.25649210454471516,0.9940975339996347,0.022205319001566835,0.4351399122865134,0.12862558681538327,0.264336997314851,0.31846716682132614,0.36304512198590594,0.013813922746266508,0.8354288564119032,0.9888130790692986,0.5625215584573676,0.37540654428380504,0.28701157155170115,0.34540217635448095,0.3872503114531618,0.16598466101828768,0.1891785851770644,0.24217183330269276,0.3011636818429606,0.32132281352633163,0.20234567291605518,0.2657524684494364,0.18444583801135767,0.21519930174184254,0.1401927929523376,0.24486045623945857,0.3918024738165214,0.37412993156937113,0.6891121074395569,0.2085381444206822,0.7697847506013811,0.2765913331898846,0.09053305245378417,0.36627934097557396,0.19743061323758007,0.24500522095770805,0.3724207331734362,0.14090531927079258,0.6537069849104737,0.6607824014414496
0.6869336350654938,0.9846787067767669,0.5379968493871347,0.5166767870380446,0.1005588863385842,0.3795510524715096,0.4625826191724662,0.11213627684705055,0.13595831197424701,0.4952320874681529,0.48115057559154745,0.46406664347096294,0.15382337088647774,0.9436608112370066,0.956110376142734,0.5741956330589458,0.6880301813832296,0.815906908387762,0.9278905685273338,0.515084544526576,0.9037691131774418,0.09896472808657654,0.2495004543446214,0.21697065432578228,0.4375172759999118,0.25904914934080403,0.2506011647522543,0.34093563755156103,0.2378536651871303,0.27975297593592713,0.35102981224785285,0.3267806402333233,0.4301622972908989,0.22901268094486366,0.5928526784191404,0.1904312185397314,0.47668083185363175,0.11669112581170325,0.01167854269783207,0.39942308139559435,0.13168687698554749,0.2536012958381818,0.18943399452655063,0.63648504171437,0.700286412233471,0.8147735489167987
0.05171691740843918,0.6870947917470317,0.14364707856950407,0.6267806163474928,0.02212803282945312,0.49779433926819416,0.1452509342699897,0.0552827052132329,0.9943184376213348,0.2762912565304076,0.8936070570833353,0.5717171583018277,0.8105879409564928,0.3558616092792772,0.564183378337149,0.5004558137109919,0.052300147623570915,0.18707422400877466,0.31853870860017236,0.7572908497471752,0.6806018648790326,0.7421567775152499,0.6866152139135225,0.6371109116934021,0.7239508366415255,0.94824993913698,0.8153381415070295,0.9065675820157354,0.7280933260519955,0.7342009995988082,0.6328736663838579,0.7654037053251592,0.17765915131863574,0.6713852668677013,0.06475800564171126,0.16689215642629876,0.10111080461145203,0.1956589922139729,0.1373830523723915,0.10199426627856276,0.17655862932894714,0.17233554732966042,0.7173866995061359,0.20909215594473873,0.3256164699836602,0.4616234612860668
0.3873010759614242,0.8781875539427727,0.5922230639596362,0.7492056895218029,0.47686300127510317,0.280725187652457,0.19478876714823642,0.04581717109939134,0.5566573937907877,0.8187461170175503,0.954435043844154,0.12897844639759282,0.09934716342621915,0.889348070202396,0.19539362132331836,0.4023595121420947,0.38830782984057766,0.42534730255245895,0.6413247266355456,0.6793485967164844,0.8606264683381672,0.3855631072157,0.38107036611223033,0.35791147705728615,0.5692497859961452,0.5569352324629954,0.5125026922857853,0.6396598233272663,0.30990351727575927,0.3665504448931545,0.5402314983699672,0.4318565869577608,0.5215708215598372,0.5609590096030804,0.4786756268946569,0.14969229768561912,0.25084075082508883,0.1702210998099834,0.06168960645657587,0.36467739066760724,0.21758542120409385,0.11221376021321856,0.12379512066212936,0.5683206098568578,0.2643332388060993,0.5482628002077466
0.6391821662828364,0.8498889919616965,0.7952568260552196,0.8369677484461068,0.8496516492874091,0.8518423191959499,0.6286116954700893,0.4385716289023544,0.11743024728560465,0.5189468317337417,0.7379096842246661,0.9984143066721455,0.2848483218585391,0.6492230163795574,0.4778734939598588,0.24573966342766074,0.6398910961863064,0.5608327668641083,0.7032795833142886,0.5666301814026112,0.8060259512516789,0.23791532139062027,0.42054609409546917,0.29217097759794636,0.4886019515839907,0.31441214483887087,0.3258674529816281,0.455879028304003,0.4337160819500883,0.3141071983204095,0.34517049632333147,0.32877361840006486,0.6763516770291027,0.5518081884596829,0.7518763984914745,0.3931621647849631,0.568331788457526,0.28813190198673283,0.02849671407683523,0.421093701188841,0.22323434499065808,0.48541322195293896,0.31066353223133736,0.4876537263574651,0.4719444819221828,0.5210203543476777
0.14335292878936065,0.07224838012387003,0.34188940815200025,0.5030859778123198,0.7363510075877656,0.18371129711123216,0.8805075670521009,0.3203855089626048,0.4849020210866412,0.3078000855392056,0.6375507806810347,0.1510204932905322,0.9127986437369786,0.7110731625711549,0.7519307305449978,0.5340192959574802,0.14190913685174092,0.04189115644370759,0.015458153171268122,0.17003616216736125,0.06938415271194517,0.6458141494568066,0.2545504537012546,0.40623944088167696,0.19293819988096367,0.32015371268825854,0.4191986600760128,0.3831395981869925,0.28749155281435707,0.20195138767949472,0.3073120867222849,0.28099534176935775,0.40102205024371657,0.7883858031521728,0.39509019914275356,0.30780054335612556,0.7224731448301841,0.6548456188999828,0.4381063820585289,0.4824252953896668,0.5460793520444731,0.26510666279529405,0.8917646264717737,0.6470454793322289,0.7067677503758164,0.24754229700979483
0.42988955048387517,0.9753483935457048,0.24740846090389423,0.48875990932881147,0.37748203467550423,0.09677784346792342,0.16435264400139155,0.9223407646489782,0.5098161305953745,0.7204903907325545,0.21457395952141015,0.17543442860278305,0.7779039958966381,0.7591226221377011,0.4760219142773175,0.4223306915443834,0.4310511450107902,0.6207588368074451,0.8339664668187616,0.6073335675610497,0.8985127436925497,0.2089328709459267,0.22595563356544138,0.25094318474588806,0.5684622925646954,0.39739980664556424,0.3499702687583699,0.35372273009574146,0.2196774600996975,0.4660813194183808,0.39558960299990015,0.36734991059144895,0.20168889723558422,0.2820899284293341,0.5031671965005554,0.06886096863840761,0.23577587668834327,0.26082428244888367,0.030582232034211967,0.32701447598451666,0.063116967840707,0.10846085898961302,0.7362616834875169,0.4700323840039435,0.385399606083248,0.73747438975134
0.28786604344812505,0.5368229926053921,0.46571667620070634,0.2978937750971769,0.33849033124267586,0.23494873097857621,0.551609592903143,0.07903886249782775,0.7373411058897402,0.11631873518500947,0.3511213161921019,0.5934456975940035,0.7707954835254619,0.410177427953745,0.964488197288743,0.7497958330559418,0.287671793922985,0.26226095163462626,0.3134899004719643,0.5362154849347349,0.5297113674630625,0.44253142028166664,0.36997146447101725,0.44139611152986036,0.5015796163704459,0.6306461799271537,0.47607410167229763,0.5188147306952127,0.4835178271562218,0.4604506751051974,0.40547722842835127,0.5021489896002109,0.45467381340146473,0.5296661411924188,0.3671584868095165,0.1602455789255579,0.4327542640383302,0.2705122555744998,0.12864667471198477,0.2514426504123689,0.1737688526449897,0.2827671552537706,0.7181182765244065,0.31996138135452973,0.6434866271257554,0.5469625867732572
0.6773374744579734,0.5652319600663722,0.5629850964620638,0.1034922437823302,0.3688447195230029,0.7136093515401316,0.06322130123650098,0.7198099701990818,0.16109809572009132,0.9197442871144526,0.8798511942170355,0.2715490177767404,0.6497776074721887,0.07334290840781323,0.12707082679638426,0.7654845319337457,0.6763792592010829,0.5160412011107595,0.4649268540770784,0.4074361924616005,0.5277924170515279,0.11785922728555767,0.28778389849495195,0.14518197461721358,0.3854624495737115,0.2602162721666629,0.24259872370515118,0.35879953382522234,0.1778710957813693,0.2811206179154585,0.15855619777570665,0.21122636109560597,0.5078965666750506,0.32800343465805215,0.6345878670964239,0.368992215520829,0.2532209914382447,0.3968169367095271,0.041450199774381136,0.5276912191291012,0.28142939117603216,0.22476564276031338,0.6384213162803019,0.17203937827090002,0.30926923509012777,0.6648805636067406
0.7639381763112618,0.012542190350113412,0.7707519791570325,0.8416889761771373,0.9667787761263986,0.12495209922868143,0.507525526523695,0.26442010934427534,0.014764253389376357,0.042637184389916837,0.8961435325682839,0.6943626378717759,0.922449362634622,0.9929553060636596,0.28365093246107603,0.2786140650888774,0.7593709965241858,0.07493856370987706,0.01233052125889121,0.08268480321098216,0.04055419277004647,0.09665266919245848,0.034086449932553345,0.05024712872084116,0.056365425987882405,0.07875782571610446,0.03851351605170044,0.0993258812736314,0.09744089341966479,0.05873484554745212,0.08063170943562269,0.03487485828348055,0.7850693404713406,0.920425376133467,0.8885849906409544,0.373479743050416,0.6408060792256902,0.6837491488138274,0.3059699091553509,0.6552051274319675,0.7619158930166977,0.6961074092123489,0.9185892317075511,0.9252184091241081,0.556399859530261,0.13345921007258318
0.14866450243083357,0.7109132025289459,0.1036471155667926,0.3638256732720435,0.46021567390183,0.8737941926657422,0.31419872740973376,0.15476276188833635,0.4957178516250591,0.9080978047870367,0.9296982641105276,0.8974808821823003,0.4641152069672907,0.1419423134598603,0.40993697252134575,0.6797793015506006,0.14918188683059358,0.2818222171985584,0.42365912705481445,0.6740608813617055,0.7020066699471161,0.5238063330539703,0.6402755321053307,0.4836660885652936,0.6135189622728173,0.5508089666515918,0.6315164051685108,0.6907828658592412,0.643692091882776,0.5126516585372235,0.39948851246145467,0.5502174127052214,0.13010585203147879,0.48141274863848565,0.25196432848584016,0.28065446443407344,0.21833736456906405,0.17193722086826288,0.06001002125673613,0.2356542790935485,0.16853360239382764,0.2840197928436111,0.4184437415242615,0.111260917895933,0.27540121330086703,0.6109860545149312
0.8691028640751631,0.172922085523478,0.8603152883930918,0.6647230232461492,0.6171124296147663,0.7332141155088304,0.6225602531129468,0.28157833016644457,0.6869125493303323,0.9180442215230425,0.8761310685942315,0.27782674103100263,0.4425820455077681,0.19820130734485278,0.14972820686482796,0.41631656240659487,0.8652584192142122,0.24409285734520053,0.11376542659148908,0.21144125584187742,0.18999554037189126,0.08020844923994325,0.17893994073749417,0.11154899446628559,0.17592512123893364,0.3036687143568743,0.13317400084574726,0.2237023350591653,0.10833440378351075,0.1183821318522858,0.09095611115552149,0.10114177174803084,0.8286416973376405,0.7701231972838255,0.7809870473459931,0.5501079910598512,0.6538369097650202,0.5284123379030395,0.26889462927493035,0.7120214230450793,0.5188280521659924,0.3512645891619926,0.46981102502636957,0.328952339422231,0.41479328549204053,0.2903790486639799
0.7112379165958451,0.5793444531692804,0.5796707703023573,0.5858727380932616,0.46889656861655116,0.3129182984454805,0.27056334010915845,0.98344552632679,0.027536663384238578,0.10146307256605382,0.9715091861391709,0.3703001095262284,0.4354818899967676,0.7089704845525627,0.4497869415359624,0.3321472213441463,0.7103250199209816,0.5126902256952635,0.47421851059464104,0.4182246486521355,0.5453016582528674,0.11282011545577203,0.199366394914262,0.15886159010554998,0.387051881028505,0.21748127039519366,0.19046292804235543,0.3559956947666494,0.18875078431900152,0.24147726891698176,0.2503765870464084,0.22259480245955068,0.5168216681834967,0.5208486625842417,0.6743797416080741,0.22437726065885236,0.38016459294637556,0.47382563420091917,0.032075376924571485,0.3836020451628451,0.30637431207530424,0.2688728161465158,0.4516650385972896,0.5487531300668893,0.4822945035313701,0.4969247337863672
0.21473614860320014,0.9241976545969888,0.47264413050708654,0.5704363995583149,0.9973621343679585,0.6126438175424652,0.2748354924203713,0.6372276985231933,0.23320396668004512,0.8629668871863665,0.3660652141432766,0.43361722613710796,0.30668157151701336,0.5358613947682487,0.83319003301591,0.4111238222826645,0.2159715805597729,0.317762936506584,0.5795598005434021,0.8184403972304161,0.8857168970137754,0.6877981710618624,0.6454242354425739,0.5408553951428023,0.778563685752911,0.5354956417886911,0.7316038178708588,0.6784917869033104,0.5615794016865333,0.5386095822509543,0.6062313142389498,0.6929763191907284,0.43039645623444384,0.551248568470547,0.4422671458385246,0.22323241121267437,0.23419104377551705,0.2962474558297692,0.03967466231174095,0.28043696465162266,0.10661581635397281,0.17013343193078445,0.29351367617798324,0.3330849800154246,0.5115980404425914,0.5229490781244883
0.5509766503428531,0.42268277366928175,0.5271413826761769,0.27746637542049735,0.35514543918164587,0.32146211807523856,0.2800588130288102,0.84890586014218,0.18147302031892165,0.05202749897860784,0.45586433637172896,0.6208850284901332,0.8932466069472279,0.6181563778893918,0.8975518084825879,0.6028750080772645,0.5496512292233189,0.341214416313827,0.2928004539882654,0.3870390841837568,0.4074601291547741,0.18361736503651108,0.23215084256337268,0.19802507079193715,0.3749298746325383,0.2880461654918834,0.23825935656797897,0.32982301856865875,0.2836428038161757,0.3015936823006426,0.26522034604714795,0.27922895250178353,0.5034737514991328,0.5104557817028799,0.5520764167569464,0.23958525671582476,0.36324057951451455,0.5062827427239319,0.07021314786414128,0.3570141656475372,0.24462273272646196,0.36978903351043035,0.8541365303456342,0.49517334282938474,0.6939140637203237,0.49759457702806503
0.3289883074385214,0.1198237337659471,0.4462951249925278,0.7064398446895102,0.7072688850286982,0.7547764850068114,0.3702699315685973,0.11758810609287268,0.9992699529833949,0.4063410865394144,0.13862457637771924,0.534339796665372,0.018960698233880895,0.9522008831943298,0.3214473682519503,0.4175404978742464,0.32697620170361236,0.09678630316290258,0.044773723390230336,0.20909816312439586,0.12970942196363108,0.3751429067626877,0.3157378760389495,0.2343642924908534,0.2073769279363695,0.44424842202372056,0.30009765707733466,0.27051342266850104,0.2973358847489271,0.1209823415222103,0.2900514410246521,0.20840926850774055,0.4834387927902496,0.8446195486400084,0.5177407377107354,0.5339930476795689,0.4341863652080189,0.52560071581341,0.4609553706615611,0.4960909924217578,0.34316484160110944,0.41819611768961096,0.08543468204675404,0.7736083664997122,0.4660904030058642,0.23711960176751737
0.46734270738197026,0.6322662748190699,0.7296619924276432,0.029302117872294496,0.6625254802790203,0.8994608878902731,0.6871263421143106,0.9524103284973808,0.15266635334575626,0.6203176166769748,0.45069922598312323,0.8129258111900614,0.691011063612053,0.8733592594433484,0.3318683752271156,0.7707712937089539,0.46723835196354363,0.37299931167052164,0.4423678883728566,0.5342389831860587,0.5863696751325587,0.3461786424515443,0.5050228773044637,0.37438045670087944,0.549239338431749,0.37749166400827056,0.4215350315640388,0.47825963825002676,0.47251736024388985,0.40654052170904087,0.4491578889494084,0.36547241781373546,0.6618661808721065,0.3712616651242483,0.5889053401513346,0.42064502729572617,0.565233313504467,0.47247194355560745,0.05054511240348441,0.40996925727096234,0.20060905142703478,0.40455801943943087,0.6629925446774543,0.6122877044318095,0.3789616962673841,0.612369080502397
0.014778215078578986,0.9433282388314023,0.040363254316741544,0.6423075425687448,0.5765151673929356,0.6556590692076996,0.04037962023949274,0.9636577885582545,0.7322579664594903,0.185081487805785,0.603582741478519,0.798040799427998,0.12080919094594748,0.442849788806985,0.7878663279336139,0.29047802721968435,0.01595116480017588,0.21675125650791183,0.47162929872660375,0.9693663876665706,0.8989799722694337,0.8993102717491599,0.8225003783443203,0.677941014707748,0.9829104980069198,0.8601405873169048,0.8773448187453289,0.8875941084649617,0.8953486306240866,0.6226715473797325,0.7567997344976939,0.9341255259527801,0.07269238038601815,0.6197207133149334,0.10503435297383625,0.1622020264097004,0.009109157092151906,0.3098088723067187,0.07431621096621639,0.01980861194396805,0.0814608168181914,0.18458976577428185,0.10284317407646411,0.2052935136723526,0.36029975158324584,0.4708721002513134
0.5057342530922031,0.968166572344757,0.6613426669200556,0.8447334425519241,0.8756951544335638,0.2166665170371225,0.7197527072310931,0.5303318352633203,0.8670681094083538,0.31767093654067174,0.30414144435905305,0.18174749013431973,0.2655851464420296,0.49867710965928963,0.09939622676970089,0.2213289797915802,0.5070636346831275,0.5371399515148251,0.7809915434451657,0.6564924003927955,0.9181023554053268,0.31816335343687513,0.30919620872937276,0.37719297892991327,0.5740549339142905,0.6067272967038873,0.3872238976908801,0.4441843051635353,0.2745179959388106,0.3719078508937013,0.3787060590868061,0.36152299133172106,0.55764551117374,0.5301131142563041,0.6754920902700591,0.13712110139202702,0.578880651141553,0.26567356198155767,0.07612135419913921,0.3212087571484588,0.11987378856771164,0.1424928251717674,0.2834183025011064,0.3678894037271739,0.24598072058805528,0.5446983881488079
0.6130530702769046,0.3749113521950609,0.7477997816020497,0.35712117062409804,0.357320201400703,0.4160112666694216,0.1902495904623205,0.4444977047265501,0.5368684336034628,0.09671189347150388,0.12457388354607472,0.339683147048519,0.18017664536209604,0.6135889570365374,0.9240593119484872,0.6261323729671397,0.6113431522848671,0.3127575252792903,0.2510821124891309,0.3620256145824505,0.3708384374521571,0.19219348130014977,0.25413603188537826,0.1839209855559662,0.335633197673827,0.4010325210011747,0.2418579668134154,0.289923175720944,0.22712635046736995,0.19514643656222377,0.25800832382792555,0.27051052727579894,0.703712843429484,0.5744587025061406,0.5890506822335919,0.3066154065495991,0.33341687250884683,0.45065079217385806,0.1390308477822053,0.4088198878653235,0.21930462771857837,0.28778923723497524,0.2190072575614686,0.5182293644093159,0.7351538201846042,0.4628803188415706
0.2788924299679266,0.6470772656493924,0.3080975712450873,0.9035867683901966,0.1662271576489783,0.29806717398475646,0.19570795976809155,0.3550049776266581,0.04466264110401075,0.5336185897012052,0.6521474648281961,0.2182065301477065,0.5581330050403922,0.08826900628333492,0.8110248774376407,0.2197793412835173,0.27910515215392956,0.301191505377011,0.4031235995244046,0.6010712692020773,0.6450006717440063,0.3770816424148305,0.3673292945296305,0.35725688974369496,0.532834354786353,0.3369729125449888,0.48072147207814414,0.5435890602004834,0.32814882021353486,0.4306726760299362,0.3075237114156138,0.4809889464014792,0.3035044832378082,0.7191342495055888,0.3074465365826692,0.15465304557587875,0.22285820083915112,0.2827885009213223,0.0349074369911691,0.2802153365731164,0.18325582449359457,0.13111540764599836,0.526722446884244,0.12564940183558,0.5416320753945613,0.39960829809202175
0.5093674589816075,0.2046421484155718,0.945206448677145,0.632010169350494,0.8559479937070998,0.9070410719577483,0.016241148739747822,0.5602120902362832,0.17538910619987433,0.15915344539696247,0.04116458783605826,0.3620592261494263,0.025915745709174237,0.09599767878506815,0.04062834242336731,0.3808422562343282,0.5071249097137861,0.1545781463390826,0.096174481196163,0.27960859361388263,0.2070997519452791,0.35703060329884934,0.37766092650871896,0.1922067414726572,0.2818797293248593,0.3158782862479383,0.296198916128532,0.29800707186381564,0.27503863667148776,0.14668812990610053,0.17813877505110712,0.20994198377185033,0.9105885531375822,0.7895190660505149,0.6762892610256757,0.6019752265151171,0.2528528394835931,0.6174767305223124,0.18040039244456516,0.47865093128755065,0.3017825811945633,0.351676320961317,0.09172795410656914,0.24776781381046115,0.33116776020411176,0.2534715444391453
0.10590409508419706,0.6634594348925268,0.19639381172310386,0.4014022500011286,0.6095134988576608,0.48220834611871705,0.8093707225220571,0.1648183541501337,0.5803005846786479,0.9125469970562698,0.204516601337291,0.4697091761165038,0.6221969827588326,0.9124848512952488,0.6083001897822914,0.647347959582126,0.10637159500879582,0.21649373402512337,0.3388597595184709,0.6986233813672144,0.6498154125327538,0.7155368448907602,0.6009105461175216,0.7218704351519145,0.6712851626472996,0.6854514192536596,0.7769965180645586,0.6372376604927501,0.5956044435081482,0.6039505682505648,0.7489475355992108,0.6716749636616972,0.2202907856007055,0.5654547240449741,0.236487977759858,0.17766608980963045,0.46167153161410046,0.22536645200012073,0.08938185984630072,0.2369599492788892,0.09069033123764843,0.16393091365872847,0.5601060701603948,0.5150974827472419,0.37475963327260564,0.5329291090546151
0.5883916692581953,0.7900398242036571,0.5058064390647855,0.3292618200863126,0.5911724634899957,0.8912351033072966,0.48641285792387284,0.83261684807862,0.8294767814820294,0.8414845501659065,0.17500605200711453,0.7032589048817564,0.6367339819068415,0.2308210036811739,0.7750304769534341,0.562298656313946,0.5887088273134371,0.5922869540369893,0.6714304174297389,0.5125933893119062,0.7278593549773186,0.17764539885824776,0.384112921935916,0.2443825065405093,0.4849820044269715,0.4797067813785463,0.30211492918586075,0.3181510757973437,0.31786113766192153,0.3574512615603972,0.23376293634969114,0.32545473005797876,0.4339580989592186,0.3204730995994681,0.6562999489988881,0.38199444216714085,0.468844022891573,0.34091207671939144,0.07289632974841204,0.4494481972097049,0.11053550632745035,0.3448230060439285,0.622687052458925,0.2317948536241071,0.597961597379138,0.6850828820569503
0.3384849422979187,0.5557094039880267,0.6917509906745427,0.9271538002734768,0.8420344569163357,0.9504760873864724,0.07872407076920392,0.3127923673282517,0.6341397088434636,0.08062648952887196,0.9253348545303989,0.2820079678311083,0.13199845513586764,0.510313095938899,0.38991349722250895,0.2018511600197526,0.33834056697650877,0.2492024609759663,0.3138543290626466,0.5643381010368936,0.5512715604496051,0.5264208405426459,0.6119225561831817,0.3557443543307913,0.5208859456926388,0.6215319758640012,0.4892106417458972,0.6553206464002127,0.3958735521506677,0.32263467670925994,0.43682999988592786,0.43920085543773996,0.6484436539519188,0.8047694989521125,0.5195704159874166,0.4438437896388896,0.20120556909429543,0.3655025583824793,0.1338620200005577,0.2822893076936708,0.3058017922654343,0.19648858708270453,0.16218576964364026,0.3982240334271881,0.3953621105462761,0.3098377475630051
0.7733199818206473,0.30269469558587964,0.8164908847103493,0.17924151516556772,0.575666586195967,0.24054240722579423,0.9104484065275039,0.3674047722268218,0.6051037969479008,0.33242017387193223,0.5832980854553075,0.18927041777066747,0.3415724452020439,0.6662210745201604,0.3140889515668195,0.7792623684997952,0.7706681127693481,0.33273275209798336,0.2155471790617821,0.29288620756763517,0.3025998784656066,0.12066015819998002,0.16179714606322818,0.18872413820349457,0.2641489029126914,0.3566613976189973,0.17381343511743363,0.27414892406119334,0.13815430629364137,0.16687222573371144,0.19921807154099752,0.16599761747818886,0.7690701747519336,0.5121331363866856,0.7314646096161213,0.2663951449171549,0.7909213277508907,0.46323859089601205,0.16681520932095742,0.515884937592222,0.35306531238742156,0.2599734763429987,0.3699256867594265,0.5802616428680708,0.45926667330699583,0.5056482253211939
0.2615226521910527,0.5841276243046537,0.16902061096516946,0.2529269228708244,0.48715272993876246,0.8802344491235938,0.09898783218128313,0.4844851043662093,0.8115942181581044,0.029206586006736358,0.9834741858264829,0.5411764184865258,0.15963546070917445,0.27729595186420614,0.5710728424155311,0.6967671984842141,0.26147931365754373,0.3111810763994821,0.3735167781934073,0.5396132703016365,0.5673987200965728,0.363058644295548,0.49908031107905,0.30793012153850224,0.5104305985363166,0.5620924976950431,0.39475819056250167,0.5537377247091314,0.39239933398932614,0.322748217608111,0.33084468200232026,0.42051040901510794,0.188038708955459,0.4512421807570329,0.3710858162989631,0.33612146154724254,0.16494138805324438,0.2959003405875873,0.1012175443229795,0.18684563809935456,0.22423402431913733,0.22672143029047298,0.16865350145440866,0.21750944424090204,0.41407582371486756,0.6001758816581949
0.19050695860522693,0.6728607240851848,0.2922985200060527,0.64897367510265,0.8960257769033255,0.16076585642364866,0.6404339551636402,0.7565745767896016,0.1915874377565714,0.32551316453676366,0.7577734808894848,0.11957353838135042,0.845081167976836,0.8940471646822169,0.5835897883782324,0.3261528267785852,0.19093281345395563,0.25224669216232826,0.3771782770865685,0.6693693076290546,0.6486354386866302,0.6128780673337079,0.39818291691840196,0.5590737241790685,0.657371521104352,0.45684271409551697,0.5896542011512509,0.677285121767547,0.37151422365392955,0.5757698468738851,0.6313428418764236,0.5613767758033426,0.29483004255831635,0.6516458306091464,0.38580580255112606,0.10148218628739965,0.4235823476820947,0.3796409829480041,0.05123713728778088,0.20462959038802128,0.19016225857809838,0.08624195976841648,0.7738276079053298,0.5390023632108831,0.40562328362196093,0.4249421286810082
0.49106892081164916,0.381578779249796,0.8901200201209671,0.6110840202119793,0.6486161625158982,0.7617415563875822,0.4438844296932813,0.8102142086892649,0.06681740022017016,0.7443374388877058,0.8597774649730932,0.5435702192438957,0.48140043500447105,0.8790410549438761,0.20982566649313597,0.34620075800079536,0.4898035480785612,0.23483645489860427,0.21566354297188337,0.4123185162734823,0.37078995892049904,0.3610117980862174,0.42282103256815184,0.3019516487517124,0.41364542581894076,0.3335743526704813,0.3968026977852075,0.49916410005377043,0.37219120900842784,0.2794465517595414,0.38601537917955825,0.29269705139502833,0.8354637860887808,0.7214481816772331,0.594641842090618,0.45292380616002287,0.46320416471239434,0.58036515068101,0.09143475218998741,0.5135885272313205,0.3860497548613391,0.3669310378676667,0.4881395848732154,0.6771249132580636,0.37081815519827427,0.3161514492277093
0.49298696006914494,0.8826055912602255,0.849263886783602,0.23600025984977233,0.5271173051930819,0.10252204186313045,0.4193317530162566,0.8462477807412084,0.5394702249836822,0.7077335748884334,0.3071872058970803,0.7224906556479549,0.5629093354248924,0.3943025645283567,0.44689107353268737,0.634431994666867,0.4939876774503445,0.4734524906356728,0.6772815110853265,0.6452824807834973,0.816250665473854,0.3518268784433534,0.3120049043561272,0.3686898899611131,0.6370669887127275,0.5558738683505311,0.4728513427483701,0.5014586743522917,0.48866872913922366,0.4552571705882691,0.3871449068077402,0.43155415725532775,0.7351704216247844,0.36520546297617124,0.5769604945498334,0.11401429681615761,0.4115498212531144,0.3801600572903958,0.0643624924299716,0.4068153771746418,0.14229951376081382,0.347738461608292,0.5480434491970689,0.32072101746195464,0.4229474393479129,0.6417211293290883
0.16326973224160804,0.690701474083844,0.42613444977498904,0.23121762102671536,0.5173046521095083,0.8447415961508948,0.6529499905218368,0.9142016301001742,0.7560056201226312,0.19312968594498006,0.5920745273524166,0.5898590555988402,0.2320961586430841,0.13136271935554097,0.6787196561420084,0.6227834039124523,0.1638017390366304,0.2285088052232447,0.36386541334635375,0.7113564865829426,0.6429109661885529,0.7016806299927613,0.7593088271305651,0.667235307394004,0.7592578881775877,0.7988654355694699,0.6954709667110706,0.7561528111761499,0.6611528827330905,0.48088734305189107,0.4648415072317363,0.6681237630658114,0.414904554029063,0.5103251735561771,0.2905943491809175,0.32388850088196025,0.4273472530184853,0.4375671775900264,0.1193949546808823,0.18495598469559657,0.1748539375864884,0.23207993538327684,0.23112185328190554,0.13770761424484965,0.4519165374782147,0.5186976530704644
0.8007917426213802,0.23541216609124166,0.8060945555881427,0.12362500295803494,0.4324991824637016,0.8705480359758306,0.9221561144080095,0.10505162144870313,0.7975301058726662,0.6691679476543921,0.5477017143570698,0.19553802313586682,0.2806338811437332,0.2739449100211242,0.6627005482702796,0.8786321636958323,0.7976058905502518,0.29725193445346165,0.16382222425044957,0.24951118090533206,0.24423596091095628,0.09295275580773042,0.23634406745610387,0.16395149877311496,0.21601602678544782,0.369786157363228,0.1597646438250573,0.23771756930186638,0.11994615285228691,0.13642030296823626,0.1264281251414519,0.15726260357912225,0.7711555478481965,0.5159385655322339,0.7046359350920639,0.5683917342026175,0.8109631557687088,0.4269644242660416,0.23254776341847844,0.6125271293473079,0.37978684471670465,0.28154026220713885,0.31747707368396505,0.35375730761329544,0.6517066430156534,0.5122239062278888
0.3663464191522895,0.13991668758915657,0.2231746191459614,0.24291405546743886,0.15650270484284243,0.6968716647799346,0.5531793130476791,0.8393577066281892,0.9064926526133049,0.8200354716271018,0.510233677244786,0.683451594531894,0.8631636335998558,0.7316280976396642,0.6279642441995615,0.6332042970405939,0.36426049604124106,0.1349617628158107,0.0647488672768012,0.21695488853720435,0.1457942640573754,0.2056925806128905,0.25059032382813556,0.20096994952981814,0.226604572773787,0.3808777543953378,0.2449364010869982,0.2610046175569514,0.2593976977156535,0.18942962233744118,0.2188918574795253,0.19291428934423457,0.27943987835293366,0.6352757470358883,0.4002608238586811,0.46805543033998726,0.5245759992965602,0.6758438910230243,0.34554588819262233,0.5440721419225018,0.379371395101412,0.4532227896897371,0.8326336291756299,0.6111601345905406,0.5976205173432954,0.35894616456628664
0.668184575556833,0.5104876327815727,0.5407110545701065,0.22738724502761332,0.08355918618413334,0.19955190969063363,0.0014451405531736422,0.46299012073864554,0.7212002420891441,0.2612585340603345,0.22981346230756233,0.7922087289040066,0.7715716349361459,0.7280272933594415,0.2653211466553137,0.7267606649984689,0.6669631987966281,0.47436968046518596,0.4081796529385716,0.3890259513996834,0.48862668729470937,0.10027016946031356,0.17924388300904331,0.1334113026984866,0.3504660156976991,0.3995778316501318,0.20341405750789454,0.2662134613719148,0.27525931432009815,0.2816762549681431,0.2548845390041382,0.21142655116347062,0.4970322908403364,0.40433635434987636,0.5464323731013022,0.18434303626874438,0.21825605321987024,0.3554381075415375,0.1029052714064181,0.4075266741317389,0.1784012471266844,0.4381995576582686,0.7479585756156772,0.5568763156689771,0.3811168838120012,0.618491731540622
0.5361066514192615,0.4522979536876874,0.5728123977993783,0.04500488719301204,0.5388088104189193,0.5666441398749282,0.3158083243784151,0.9882490040422511,0.21151656233159452,0.9573554838224281,0.35984743009778847,0.9405925737865001,0.6673578347198564,0.8427867317588089,0.8273111812791027,0.7527116868081687,0.5349696651017064,0.3489857238717821,0.3148540465144426,0.40684693202980227,0.4265004980331583,0.2197517302820446,0.3064863539197187,0.22116233020970757,0.4120703577133816,0.31547297023002463,0.3143910986983781,0.3426312160066569,0.37843670574196375,0.2945987427285297,0.32479662952949684,0.29760645204365865,0.5407965035622508,0.4121840266310815,0.5961049342487208,0.32789318842862547,0.3797307972527986,0.531276196610021,0.07033657972802176,0.5190193290361506,0.21975636596999196,0.4948907160364556,0.6487118089319768,0.6233377691401958,0.6530544644215568,0.5655885425905176
0.22949735053245077,0.5934069516671041,0.20501163990810922,0.14950446309735502,0.07371625891280943,0.4640367839975947,0.3641490081329649,0.3919146979756843,0.8722765070550325,0.6268053990221834,0.27524356402543637,0.5968731856090768,0.11360976498927261,0.6709583423719673,0.7277978282482678,0.8024140910280582,0.2295516899644095,0.2885686520889729,0.36327149319525653,0.5652413428546679,0.5760562939996298,0.38278445244804005,0.4268054596081212,0.40368773804276764,0.543772470063986,0.6356956998728123,0.5028151764252657,0.4775109003072866,0.4599733347140419,0.3409222883663143,0.47478974263898943,0.48633859919418937,0.22207977792744502,0.4256856126667855,0.25532174658745393,0.19706897073461208,0.29310511810960654,0.27926874587462025,0.11196712149923436,0.27021529451889514,0.11634108750352734,0.23930401312109167,0.12582387844599977,0.42287108306224047,0.47968799900901676,0.625456974405277
0.29431401087944076,0.12789501271105663,0.642041375692955,0.574974984361312,0.8762057861086875,0.05478346675662888,0.32954636653761693,0.015402694568682311,0.6692215568141053,0.36715742267516877,0.39732273261180917,0.6084641641513785,0.25257072997741736,0.10432663901232944,0.7941768237071618,0.5411982177728518,0.2924855026687637,0.08437014871629107,0.042098050987036235,0.2244111833029388,0.1311160807829469,0.5244211423299742,0.22311645048783055,0.2913884686285428,0.2328220029581152,0.4336581367054209,0.38515037264803126,0.372268163136405,0.3941538733122152,0.1682650803725502,0.2029327392331328,0.28985759981958825,0.6588482331993151,0.7975227206536551,0.5450250924425593,0.2275011555484977,0.4136046527813471,0.5121521033402392,0.39137102373299176,0.49587421760759665,0.4241751495715383,0.4606492923818533,0.29475611613798397,0.255925910379317,0.7123234862857134,0.276623820701187
0.4198526185793115,0.7306701381122991,0.8622164413461103,0.35033111276284506,0.17337193497466225,0.8256732384521211,0.7660719754481694,0.78327817538091,0.6761122364706047,0.24929094139307978,0.7942250706565037,0.029212184571282416,0.0025997726497808053,0.5330291503739479,0.5112074275336018,0.5611176443205591,0.42030792298854763,0.351135954423461,0.4903992469961221,0.6282130383555626,0.6893183976883605,0.39951291927043353,0.5805851368878977,0.4759874766763287,0.6236141277029834,0.654875322543803,0.49232853141311383,0.6440232527869405,0.3006122530262528,0.3216415285130175,0.45131428582302135,0.46460485847956645,0.7720499179474279,0.5021137339235759,0.4313869514492563,0.38166886676567374,0.5946864789317914,0.4266182782362438,0.10434033902523589,0.3227346078339916,0.2521506592953833,0.10800916726110048,0.046955796816739906,0.4064941216439802,0.45570114379377386,0.5262234454982843
0.555318365251374,0.6156368772742945,0.42944004551086556,0.2738414218558208,0.6399046998408139,0.4449198807866682,0.6350355728826469,0.7611699662956696,0.8082812588375858,0.5303782086751991,0.5153189523146181,0.3835413527352484,0.31664013516901646,0.11752814698871279,0.45360125349891145,0.621099754621605,0.5548625215617743,0.4835147486853156,0.4886930586738281,0.4566283634186203,0.5793804743716311,0.17938154986767327,0.26520867583548413,0.24712892325801872,0.4282041677369846,0.4541738256213968,0.26687044354555217,0.3455019142842031,0.23033614306992237,0.26718184448011584,0.19359690704950328,0.2733169112908455,0.39145725611328314,0.385132084723638,0.6377739832284317,0.24029229296295346,0.5490239312589762,0.37587627726552464,0.09225324579492401,0.39928358825401783,0.1880638970764093,0.2375064208103689,0.3305642352253839,0.17713559400865958,0.44133904474597274,0.6268623973869004
0.4841555964579496,0.09958145364902724,0.6151129079890585,0.07562449070799199,0.758965085654994,0.6766756363818873,0.40256135531939335,0.061415248339181897,0.5823295742264946,0.8842242363726197,0.9698174114116541,0.9240305062625814,0.2729738689862708,0.9069223182863768,0.9237229592025693,0.9217725923059499,0.48139975477562,0.11816923846244308,0.04587859375766212,0.17705522274021526,0.112802214895211,0.25500558023525777,0.23362626084780624,0.16722892398739717,0.1696755003324314,0.30955531126028435,0.23304404015050925,0.2946949709195434,0.2957667018308007,0.11627217248522578,0.21639554343740552,0.18237534653588008,0.6335660554790167,0.5836707054778923,0.6573170153998001,0.5356505466308222,0.4926033946777211,0.5223337206037227,0.3454594203901248,0.6654503226883097,0.5902942093284437,0.6561741020314059,0.3157900334587364,0.7759110425181645,0.8040428640927474,0.43577411062625065
0.7343438375483492,0.4573006512901346,0.9078793968440181,0.46173473934853015,0.6875837887427172,0.02184532417758678,0.6135517380782327,0.5571385919664982,0.07775899328199927,0.6367158523338109,0.5759017882195461,0.3767988584908938,0.7924063516189747,0.06759446304392959,0.5353413048576674,0.5173480841952633,0.7327806091413918,0.39332770336373246,0.33806076483125574,0.3880933008174672,0.4436311500446916,0.17614752870632647,0.16175494322238543,0.21457503445668571,0.35413148699380714,0.2682758248660384,0.25008375826897944,0.3437865216001173,0.22191883793086303,0.2771579807180929,0.1606096960446114,0.23643773261250797,0.8259282657465157,0.5736591105979489,0.7433540172399112,0.15133802526425183,0.5967646246138808,0.4565493140479054,0.062197052948005045,0.534856827443821,0.3001194792404323,0.3098873491357923,0.7746003970188517,0.19774344103402214,0.5503587935153312,0.46033718736524637
0.20579743650598176,0.5432973258442588,0.26129900892399177,0.6802183801968261,0.7015380755555355,0.9792100955382514,0.4249608493982519,0.6329455737636465,0.4601479035045138,0.03520291244720614,0.04943286178788563,0.6107529424080377,0.5980119716707559,0.6916595689868043,0.24796581545026067,0.32893126726278143,0.20577458017467112,0.2270534384688616,0.2903951071096136,0.5721887452259535,0.5296670240187566,0.5319218610049824,0.6239932729028062,0.45327550192439114,0.5605346041025787,0.5222508784043136,0.49943048471390733,0.46606077926368217,0.508090201353574,0.44541115181191554,0.5060640915973468,0.45097612029777384,0.2777141235659579,0.6976811909648057,0.35984487865199954,0.3906965705218209,0.32824484064752885,0.39352040642546016,0.09373771506088793,0.18695361413694797,0.10699342124682765,0.2567415023187871,0.5601153266477933,0.4506633177970926,0.26969091027911285,0.386173199178222
0.4533522403634897,0.775960095196757,0.8922584226375905,0.449671700076124,0.8045512007325584,0.02802889886344521,0.28695964745152036,0.43407373087571466,0.1446865427626082,0.5770653354771704,0.23990334783889408,0.7101295408535928,0.9896513127590933,0.7768972718568495,0.0020111775585408965,0.5514643880142146,0.4539629590639644,0.38715382411168164,0.5453231769893802,0.6342205347671477,0.7417581984395184,0.43707459891448647,0.3067295827940321,0.37163548319774364,0.5908323774986655,0.4280703450900969,0.5005090117320103,0.5160077086850591,0.5200065008279087,0.5395823743190002,0.5031097711039569,0.39541330365155947,0.7907590847278975,0.5132671485139496,0.6140377814413942,0.09934585996320795,0.3330943518326422,0.326513624592343,0.04469016772234871,0.3861762843850539,0.15191483276289586,0.35192236212928235,0.9307980252356828,0.5458380433326414,0.20886668105744788,0.5421703801605671
0.3279476094760677,0.6198070715986886,0.6312444991786653,0.8631971441778157,0.9814607151831932,0.2571841162932632,0.4976132975808217,0.9150336272340247,0.13857168844757992,0.7139237446159006,0.5230720627631854,0.8702171186728378,0.6964274064642348,0.7824793242878925,0.9359177538615521,0.12398031523839956,0.3280720891101569,0.2674278063323975,0.3618780246490943,0.6066746129959423,0.5962537264825,0.5374178246597918,0.39410824885158674,0.4450385271505201,0.5961812614731641,0.4236593759460519,0.5491056839202431,0.5784904265887434,0.5976147068226048,0.45885959878807636,0.5178084479090552,0.514321657607115,0.5873008261764567,0.7614173971396131,0.54223162858235,0.1755409198427043,0.4194939101767625,0.49005514768358366,0.06116401219877123,0.3729032350419917,0.2122196632943243,0.3962052849372726,0.6634226180274945,0.540875210699764,0.6501615433327125,0.3101795580677843
0.4099571497227898,0.6108187525878032,0.4952197476085485,0.434721093403594,0.43514069389788945,0.7284249678004582,0.5399925767199346,0.8183670500916939,0.7633560113967391,0.48967279157119115,0.8499774570689289,0.9055918287161954,0.06635312463402795,0.6806085222391844,0.8656634388736069,0.48471048640998254,0.4098290212214186,0.3523359597637552,0.4160773481998455,0.5316655484037464,0.5836384843868985,0.3120513056335831,0.4349240612940156,0.34208173788828367,0.5135174068630377,0.5532882883916627,0.3931598040933695,0.5157148350164186,0.4727188408555427,0.27613844899255074,0.3930646484169936,0.4056975850492241,0.4612614652578408,0.5282140130549096,0.4813270003038191,0.3360603707297109,0.4598606884753836,0.4234094505253489,0.10919590154057865,0.351136989695784,0.25129041355321136,0.4141107160494654,0.10197689346892336,0.48277719139614633,0.6210979879390995,0.5065503223103258
0.4020084248430762,0.9809294754400756,0.9296062858710603,0.6610304278659617,0.48107963492590344,0.01623498199473387,0.8322283754872312,0.39713357309938374,0.36978401037508024,0.7179658033731752,0.8106394370742073,0.05002212835904087,0.15032675949011884,0.20721009326733425,0.44006585209290444,0.3976461615213655,0.4035375954911404,0.4090075349215293,0.6985796722659363,0.7689286185865889,0.9406744201780759,0.49042176029294476,0.35788128299671834,0.5641824527091275,0.697569080924829,0.5824540164466177,0.6130045752766018,0.7341716840343229,0.3522353435075209,0.4334498163965449,0.4232290217140845,0.5394966086130175,0.8062083245068532,0.555908698889164,0.49646955015688554,0.0780771492641734,0.6142166672984208,0.2756724115062969,0.05328529593492935,0.36980167971922734,0.21369875400054217,0.09719165998782514,0.1731118730043875,0.20462717018271445,0.3976166067797101,0.5243205849986715
0.30779766658816493,0.34500279151432,0.46041544078130164,0.622030622212885,0.23091576695844898,0.8330912381525647,0.03474537782682474,0.1777283572456695,0.5690018933964317,0.14814318491749223,0.4043665959380285,0.05742862294108288,0.7810176605961306,0.21557144755243218,0.7624578684454745,0.47582831371190015,0.3068271831257451,0.1903483601710161,0.17254901434265849,0.40583444010891945,0.34763910793660985,0.3907535722529068,0.4756540439191103,0.283879706003598,0.38954912058313634,0.5006092066548204,0.4069811685470754,0.449720576197057,0.2581511503690513,0.3502200609634885,0.2870510414718774,0.3840807777377073,0.46896371971996065,0.733383001869561,0.35877914264317096,0.43385271308634704,0.18520633023103192,0.3888419398268709,0.16693509687564884,0.31722611513226207,0.25264535724734993,0.1346467069349332,0.7414712970503204,0.24967878328188067,0.5961619175737596,0.3599566314804099
0.17029024015764088,0.1516861236979763,0.18307673395660415,0.3848188937100906,0.42124878259224313,0.8135418498085573,0.7503662266211459,0.39002736106466424,0.07208478302990882,0.6024981862894891,0.8360731787767482,0.09731345040752284,0.7261408284814511,0.7655390127816315,0.2231004727116777,0.6143038566531166,0.16901879872983594,0.0869953284021217,0.04913253173686776,0.2525861047670321,0.14797725913127496,0.4794290216269137,0.4209936157525244,0.3891167040897403,0.28023448283794994,0.28038506865863466,0.42746699719261727,0.45084734871127236,0.2585017777292932,0.2503605475631534,0.3539305709753716,0.28237241472776287,0.24896027895310177,0.7124185604855451,0.3071292009609072,0.49237910534346846,0.582595045325446,0.5632010893660557,0.17041516484342817,0.426422562292185,0.4430338961082646,0.17517258710221723,0.7037208702391983,0.6063293204860429,0.3660255028274026,0.33061473636368066
0.5179740706305431,0.28767717326013764,0.9398126591286746,0.5836779260593347,0.21073268886335517,0.3422788700898973,0.2156547312974256,0.3732566283812888,0.6475678270999605,0.42050667786565366,0.5591664546485962,0.17087888815951388,0.4758180893649484,0.3899266736185527,0.43090678222598194,0.4655488164000164,0.5161426700185626,0.20214830943630152,0.15333459269025393,0.34073186002989647,0.28998916170809597,0.298616122803678,0.2871092197676483,0.23887951199226437,0.3305083198051686,0.4894091384141967,0.3377939558541772,0.4091568121364032,0.24515398687240075,0.23772539489664307,0.2576244471099829,0.2713505043640801,0.8929058629549484,0.7368428007656005,0.5044099208947882,0.3097615225263064,0.3513173584206774,0.5097894736285016,0.22891350853151174,0.4921626171863273,0.3686978158193391,0.23976470568391026,0.4869487967882379,0.40447424614285427,0.5040462803726411,0.3240397876312591
0.2828992800130127,0.0192788218879879,0.5102679769285228,0.554945788847484,0.03662599917279504,0.821195997536355,0.15716198971538944,0.9279009335301563,0.6289546586731851,0.7525751153483465,0.5053983199927543,0.7293729557681566,0.8954293028889118,0.5771271211443035,0.41682881047888076,0.37170122990401805,0.28044807661675136,0.012186870130638204,0.0940884712503604,3.1285693975850056e-09,0.007784471261674734,0.3090586466042042,0.12256552703217923,0.08884737797352446,0.031952497506084504,0.07025185920849955,0.14865350381528816,0.07981289565614191,0.1708557752260868,0.0426434488373815,0.07402602625980426,0.0534657617738528,0.5619798510108778,0.8183091385875321,0.4501741970366154,0.8308512096593462,0.43439833480904727,0.9621673824001132,0.7547021657649929,0.8511260520078309,0.7645386185075049,0.7738061343984339,0.9058527576067255,0.6821473923820239,0.6612763210058598,0.1426608656676905
0.321056329000231,0.43772609834378384,0.7649216571645489,0.08083183664733516,0.6673809560087021,0.9460167515059835,0.8990881129794541,0.19829782112366684,0.7840280401364351,0.09502749100643061,0.09868842393846555,0.49329909018076135,0.072307030834764,0.71944171094504,0.9993720029414469,0.8898609543645216,0.32045210256305656,0.21277835981282675,0.22914598046526571,0.4820279682553175,0.42138012945123204,0.5459524089775946,0.6215067116798684,0.5210466847036196,0.48846741734392113,0.699134977614418,0.5072225697455363,0.5006634553055078,0.4876845289792345,0.2941749333710839,0.4892606562390802,0.49996069702631657,0.7291439820865449,0.5020595854986952,0.4859607423943931,0.47605265633838534,0.6653950990786521,0.3802348251303492,0.1898824313720617,0.3133348167534285,0.1883660495405454,0.29608551677458395,0.11146476774668455,0.5383202469883015,0.712502330547929,0.5377031727741005
0.4729733023806952,0.8455117775145933,0.30309247800790906,0.5800499925560313,0.40595928239326157,0.8825628541609963,0.3403697390831326,0.3771752937252555,0.40480090526630486,0.6797497171225818,0.4598414977025735,0.07871816549131341,0.7208592821163997,0.8116301567887053,0.3988394570580077,0.46443515828581416,0.4736107792667677,0.5758900914237427,0.7075018746716351,0.5552625632872502,0.8014280375678167,0.1926346994693071,0.4029212554904032,0.2532659121858785,0.4770480667026839,0.35723578683062335,0.32067408987403695,0.37358767636777684,0.18120772867196566,0.4086266236004655,0.3745008813723488,0.32654142839944483,0.2608409777789035,0.3766904166324624,0.5315231807547695,0.3352799461223584,0.34793884793944546,0.18994150975270993,0.03327334504109086,0.3541395101359476,0.1199479460195962,0.09510574251261303,0.6870629049758991,0.5225098255900116,0.36941264439602606,0.6831673251168925
0.5938143485791694,0.0361165895145988,0.6700181821611244,0.8853245667411888,0.6359398744705314,0.5337133159646782,0.8476630325449538,0.8561801287497623,0.334713940931448,0.43943735064091105,0.6394768081878018,0.3192129974315022,0.7081915261267907,0.2857764107285126,0.9929663818523213,0.12252749630313604,0.590206971845509,0.07603420723636885,0.01785153303705342,0.11231387751072185,0.05633083420773485,0.16486563648579453,0.12242004080554618,0.12404278994760239,0.10116011978861719,0.1581988054680069,0.1150681479644945,0.14732763395673257,0.10826083602325906,0.08051766809492607,0.07394007551415183,0.09890269895699881,0.6915704482126769,0.9368603908645641,0.6976566705785979,0.5515617034856646,0.8136663397293252,0.8361390696641572,0.3910705533526971,0.6786808244395015,0.6269520099428475,0.4397136028630473,0.7205124166821318,0.4299313010346062,0.9019928102132638,0.08286248231016415
0.24180702914232344,0.38781770928187315,0.3594025519934847,0.34515839309029156,0.017813612173197577,0.344037188183924,0.40946404745913545,0.00959480566743689,0.928939521704077,0.7519251977424312,0.6123419973138166,0.6524197185029631,0.6014777587131503,0.9871293300830273,0.5990075835660191,0.7306056309807125,0.24116251970435906,0.19439662268009966,0.19398635221863048,0.44636735041653736,0.3878632256597372,0.4210700218981972,0.38560445188104703,0.4015917307347938,0.43094383507289846,0.6635415989950474,0.5160304471494772,0.5385595067173711,0.48787510461435224,0.37400928949937984,0.516466788816774,0.4276782900765129,0.3787105400995411,0.6063957635291999,0.26035715634915224,0.21691610249641827,0.35715053810537795,0.3095100596288059,0.2015519488216859,0.3706323456404837,0.25553825406162867,0.3196456643045969,0.5712716910900076,0.6622539146482515,0.4808733026434848,0.4791071664660773
0.6469350921143594,0.05427447765819726,0.612797964680586,0.6045937342065568,0.043783403023693705,0.32573410105965545,0.033045576864735096,0.26005470777621903,0.8848007177385164,0.8938473838056478,0.9945790797335953,0.23494168345949232,0.8423334020556285,0.056406233563901065,0.043791270411585696,0.4746789760983613,0.6431987225238627,0.10913237120028933,0.029623282978275753,0.12658068216540436,0.0775331883415798,0.09077342517789942,0.09918619729153735,0.06057469167288322,0.10705505813915696,0.25420827333013973,0.12064378540173874,0.17984898440752203,0.0900378659127862,0.09818204322345603,0.05509559576175632,0.06975695389251492,0.6361849425222474,0.8080620474352992,0.5504902005876853,0.415026568629075,0.31120784905817656,0.6207857951082824,0.5088963472479382,0.7488213797742558,0.6735618023838054,0.3720586274387459,0.8351445136804407,0.26718204724649613,0.3877736086879906,0.23962482112451192
0.12863097621626204,0.11713985751991868,0.14221322839999354,0.08796698255033787,0.903087123880915,0.863860332877771,0.1820989071914417,0.9351346577129531,0.44040507597502115,0.02187863435124487,0.3902670011410332,0.39576488120758646,0.4805246405126274,0.34627943576641995,0.4922913309746393,0.7262750275213724,0.1274006180443097,0.06343051636731246,0.031170601432882666,0.22047260669864238,0.103842493120331,0.5923526212591624,0.4269884897004987,0.3047404759245337,0.2691489619408377,0.3544487926261749,0.39537600887615487,0.374983825557296,0.35311382799765795,0.20022854344172236,0.2671338851261144,0.29328902980090094,0.21716126062549657,0.6081972175932391,0.3832415380941325,0.5480547925711645,0.28051933939374324,0.762735700471417,0.318325906413749,0.3427474109458038,0.3841647152363443,0.31154846272114045,0.4924089657479848,0.3744923458871157,0.5205620576552005,0.3570945376459515
0.2550070546039205,0.15626040861800677,0.1628830454217907,0.007905811412983348,0.3187551461200944,0.011523420060560568,0.8755157946698096,0.33428080524806125,0.6017935716337276,0.9734007985758423,0.26123338467898666,0.10587888793399,0.7347156284027347,0.2828406054672526,0.4029685762119919,0.9233615875189994,0.253420970678639,0.121292991048547,0.06506414464992195,0.24143995606761778,0.15898481347223067,0.31928087741324984,0.17314960416902514,0.3147604403584093,0.2550925542280362,0.37559972899366234,0.3445717127305541,0.30005218783262794,0.1972284966743707,0.22385303146056745,0.21080406208580138,0.24072456553946614,0.22746914623151754,0.5399399335133983,0.35806780334794047,0.15737908978122392,0.6688259073903585,0.517530481399451,0.25953038149081686,0.5134057928318883,0.29489735677039175,0.1816757478681067,0.7091031532365939,0.31855782503221397,0.45533899154529645,0.47427445909536003
0.5845970965938758,0.08065936895519601,0.6774608764066976,0.9209119289055848,0.24614841731360626,0.7656917718152837,0.2911369539968669,0.7149619932245916,0.45652990888510947,0.5405127501241125,0.1310276338878581,0.910614093107244,0.9376827273262431,0.26692765269000773,0.641240641899092,0.12842777889927876,0.5813158013063763,0.10909884402859436,0.03749005936557427,0.15779832552833578,0.09782576758616196,0.16137480658246459,0.1959641632372034,0.11600766607606343,0.14877413557369817,0.23544704735541977,0.16127396342256722,0.1606778062832561,0.2353616777791204,0.13056589550701733,0.10459237786625462,0.12647535902460275,0.6898725082473658,0.9359270201877534,0.5652290566341946,0.6141911645650423,0.449823284787559,0.739943407124502,0.34583276865405815,0.6396505163806832,0.40891045040360086,0.69175367805214,0.919132421141341,0.39025734191330413,0.6841004375268399,0.11027467481055338
0.31312124162679955,0.2134174469042614,0.9111281725708056,0.41930063902126996,0.7750372248709962,0.7920222021367115,0.43491490056000365,0.3840184787420404,0.29717613421302724,0.43702297711757426,0.005004645031208331,0.2872548566314136,0.850711147100543,0.13798157519640766,0.4974869994231364,0.5850553077222962,0.31161817560950733,0.1102163420415614,0.07766061223225076,0.31396112811492366,0.20268325043593768,0.608252859472679,0.501670891025822,0.38674481159650204,0.3446705542378696,0.4422393965245496,0.4946199451991142,0.4164620018593822,0.3883657382694506,0.3110943668073835,0.27551325983490815,0.35350408778251996,0.8873819255545046,0.7201698969651189,0.5297848872076516,0.5297783392836288,0.46112242792338765,0.578051755032698,0.2305841056178955,0.48173887955545036,0.2879364229515685,0.2933576941847163,0.8238431904379675,0.2612178861650573,0.541960356262272,0.31836239994966214
0.3856031672755082,0.004556617487993018,0.5234072010264811,0.9057824323984046,0.11402476890317496,0.06950130761929559,0.9268687541856838,0.5919166187848192,0.9691330812083905,0.8343524825530967,0.19833037097828685,0.005711949694478047,0.210600994042225,0.9809635785805532,0.4843349135041334,0.16894316882632424,0.3826105855082646,0.013118198052089938,0.07435682570165311,4.700126654410276e-09,0.006055417675982883,0.20335611433952552,0.01569023867210473,0.08895392104272139,0.013040202764124775,0.05992548527273706,0.08078007206599606,0.022774124409804496,0.027650264896445027,0.009587704042324995,0.06133140845296928,0.023721832840360845,0.5743814636948489,0.9603757751889509,0.5361277350489895,0.41047224132803956,0.9313568500204104,0.8626959998049153,0.9399157215088388,0.9081111656948948,0.678021585867628,0.3707878114557504,0.2882641548810857,0.9714959217786289,0.7085064244504309,0.059701004150433834
0.44949219088214937,0.35475190698820996,0.7393211597009798,0.29314281428566347,0.7569618809256363,0.1898395369724203,0.24197967214319266,0.24200827613545148,0.935548237131182,0.07320833160404194,0.8442773744422684,0.08743430232730039,0.30955999770174814,0.3576602049145579,0.3473356596814161,0.7147853274649608,0.4481738470561326,0.23345299515844034,0.20149693319159676,0.3877528085184535,0.35159111239694707,0.3640921034127267,0.27183546660319635,0.2696083055736117,0.37306349692079777,0.602613070548889,0.3450272185449069,0.4862709486904422,0.23805104082161135,0.2525513144480647,0.28221530606999223,0.3021700882623328,0.708347309053463,0.5879481433672465,0.5994139373354033,0.21113781395253542,0.3374800547236953,0.4176600137839512,0.23065524459627526,0.3683985866429667,0.36938818414044616,0.1734698941556826,0.32962214388885297,0.35542053829729064,0.42682784572878935,0.46120168211067625
0.27020001185602366,0.5244289151239496,0.7523890664664602,0.6085232436090341,0.2937561691757738,0.29318753068149606,0.7701920671301923,0.5417413337252035,0.8762431964202414,0.687731112844699,0.16309174589641223,0.14004793970997959,0.2935546329737033,0.8068524234905601,0.8228325871387836,0.40966711269337736,0.2700701264488958,0.2033384732533565,0.26217340759721297,0.575683104765292,0.5040171119042727,0.5961698223626024,0.47352581221788653,0.5852704260159803,0.5875008087677113,0.806982720651816,0.6554456303002659,0.5840006564311806,0.4166296248935134,0.393229730661424,0.5919203469883798,0.562871735255844,0.7114928405083187,0.7122033462454482,0.34663899388710745,0.20563514748110112,0.5669641922259003,0.45077570453811383,0.1937116240785775,0.3782806882499165,0.18059645656340262,0.1466391377006557,0.3041958229692379,0.5688914406088197,0.6034836631948525,0.36027047610872703
0.7233207576524326,0.3080206928880894,0.6352178307478112,0.957316260672174,0.2229534397722946,0.14741167613852738,0.2133696772469453,0.8661272377019448,0.35358416516825864,0.05847609993811444,0.8287050807009709,0.24464683244045496,0.7104468106425165,0.22022095061705085,0.6866598836308074,0.06936171810576894,0.720883230924109,0.3101101618244678,0.21053720063445877,0.30665050751883594,0.3123069740439198,0.0976777498843399,0.13663402734899924,0.12337251769248161,0.27390256262245294,0.27653443101828423,0.15445539577625303,0.28390908975636203,0.1397396396107628,0.1971189122035577,0.13564771848701587,0.18086862620951932,0.6074978933689377,0.8293127335358678,0.5937556910655764,0.21850816333029086,0.3674836445092066,0.5922446928683143,0.12526482440313796,0.43821677929904507,0.3940542684764681,0.2706948427538518,0.7042058399391036,0.3006718118125244,0.6415025692273798,0.23079243902215227
0.435628876216737,0.9112152176889964,0.4215805175769089,0.8071556737616511,0.8141780031873029,0.46910622513119365,0.42865585617644725,0.9699247998229589,0.7257623145888583,0.9010986542849881,0.06761664858432272,0.03421163097383783,0.8261243427859458,0.983528621911152,0.8432537722440983,0.1577904136357065,0.4366751062755895,0.5076228012964401,0.7198775923075078,0.6400788523351685,0.8572728974230676,0.30167031086897955,0.36149958039204894,0.3228134082947661,0.5883430187099659,0.5187611382151699,0.41069639630091925,0.3726973660210281,0.21333458728767468,0.47833845554497223,0.474338827233114,0.42742164482451045,0.35964002559605646,0.5185676762867453,0.6045782764479425,0.2024037044387835,0.3903948064615818,0.3468179173824247,0.061710718595258666,0.3852286741603423,0.07201970943992596,0.08087744752820604,0.7861266552016981,0.6212548524555394,0.5872621202137956,0.5328068905967135
0.4192603788446024,0.2385343708040094,0.13653714798492858,0.8552522108668088,0.2998500209199756,0.14949040229356525,0.26337680643741174,0.21292434827039913,0.9130659749253701,0.055422304479736444,0.7743385054616574,0.9022773387632356,0.07756375294738231,0.7421035486510084,0.10943009008508188,0.2863204476885693,0.41741991452251503,0.22019875292137586,0.13830276854006338,0.283228083557953,0.2558727153817992,0.15693282545718587,0.148479277374998,0.16036800739946747,0.24376514078138117,0.38733044468259703,0.18766170873224583,0.28755764083480834,0.2795952815289613,0.14128451827783897,0.22677501872653694,0.17284235574716456,0.1876269122024283,0.814981433104891,0.4425383563066052,0.18484980131792264,0.3340015721759176,0.4017526958316305,0.2218245623341703,0.33847428978031396,0.33921858119695353,0.483209710911755,0.12210333177216671,0.5703781493846433,0.29636451797698327,0.293535829333143
0.61820162384951,0.8043473423820782,0.9647390092017426,0.7376483807142067,0.3203084155339745,0.815105088926509,0.7283562461837992,0.49552462413151627,0.6523333986313699,0.9534509234423192,0.04622002950886361,0.33381890898719513,0.17610564380444862,0.5649796898534386,0.09307805196979084,0.31749568323012356,0.6187766265873631,0.48911567100153613,0.6298421486590792,0.5812377919844557,0.7664479321685389,0.25341761520983264,0.4568943265942316,0.3428026752697779,0.5183875608653656,0.5414491924405671,0.40321086914459087,0.38614949840360685,0.3080485625031438,0.3065920348757271,0.35954395857927024,0.32129706626443205,0.8342822718367017,0.5744423390527111,0.5891540806911028,0.3960328134229712,0.6250002525374951,0.33732854744522084,0.08470772108637972,0.5113905247183043,0.12819194611555354,0.23704241389969444,0.2115057506677454,0.4468996694487932,0.2842444179969331,0.49262139882111217
0.2511419160864777,0.7254360585057219,0.0926204915528378,0.3067851553046086,0.9421726459919406,0.5832424583249155,0.6674838833762139,0.2343943870768024,0.7467771884182807,0.08765712790645426,0.09381885013743074,0.10178280816616059,0.7659883598442351,0.018306698852450315,0.5571032105861456,0.7031821596367026,0.2515513486664529,0.3831321895558107,0.5094210567886314,0.5987727005517786,0.7073472371794599,0.3875620728969212,0.41745012404724535,0.4156313481852419,0.5281086942584076,0.5288927527459353,0.39807786472193174,0.39241756230369734,0.2528884405448276,0.49249061900284063,0.2721823192802618,0.44208365440944297,0.10906806767597511,0.38187372893800575,0.4644556021332086,0.20261415167851052,0.44096743817669526,0.16354407874698038,0.06633537026002674,0.15744950109388298,0.05470262250153897,0.06971264160956826,0.6952658739082882,0.06166006592623003,0.3725108882025143,0.6870900539493908
0.30231384221234747,0.4306662868973862,0.17782281245627363,0.5388551480847266,0.568422693341556,0.786565787435612,0.6011202137960592,0.6176365830246364,0.1888718997599894,0.5530140347241148,0.2502394470922485,0.04339115182843805,0.22852834126547636,0.15130772580158008,0.2556473494392716,0.44467254257690925,0.3016442625945413,0.25933305223543274,0.2550973712437562,0.4418998918636549,0.4257158628937063,0.31734029355398524,0.40410725959383825,0.32957399305655366,0.42033229862100785,0.3184150590515677,0.3645804214063266,0.3618450654803479,0.20234594805760237,0.26555327173588783,0.24454406194954942,0.312329179993606,0.2076583986486079,0.6314020563889984,0.4199297206302767,0.3538167699484775,0.4624926167109888,0.4074779772862252,0.06560522586741929,0.32748809492862996,0.15884673138312577,0.09829147365078043,0.24133840638784634,0.18093882201753114,0.30632752515185235,0.4325979487292684
0.3367858347034847,0.5040168012772013,0.020063570190134303,0.4476061299269999,0.4524288148233889,0.13938611637129222,0.8691419857947235,0.8027642348812265,0.3809088936565853,0.609190804478389,0.2781061408561532,0.9868100357360249,0.1061961652647177,0.6075988658447946,0.009812747732700739,0.47905495075421084,0.33625152658761215,0.35552485275161116,0.3506146247015506,0.4445217764953499,0.491066210014731,0.20448920087569625,0.1946056174369243,0.30270360632826043,0.41180576631609106,0.31351103725959895,0.28868386010255787,0.3001421512883227,0.3664442310037589,0.23279050926139636,0.29386755289142896,0.2517663393859695,0.05777107110090531,0.5029750121296779,0.4215337768778571,0.10647663747396846,0.6017169895151075,0.36886254457295514,0.0567095197446782,0.3118557391971099,0.12168146652028702,0.3961532544953051,0.12830823360305188,0.40777833430134425,0.16833111556505864,0.5411448647538954
0.03741663351464654,0.6075083121257643,0.013201263138802008,0.32494418531634345,0.5517172498130098,0.4427683542609107,0.7971996213656162,0.29901296623687507,0.060704207265113413,0.8287742120568018,0.10430477545490331,0.5289501719892536,0.5153727512015669,0.959447391938104,0.4624276562893108,0.6796714359438795,0.037795173420726094,0.17983082741468967,0.2768177855283789,0.6845458674633137,0.5872563709771734,0.7658505667591339,0.6025846765404803,0.7745285948487567,0.6912644952694639,0.448799952308882,0.8113268281014048,0.6227965088818004,0.6439502449624355,0.5924317183188648,0.8036635519102263,0.687196720272528,0.06825097284394357,0.5582038972410565,0.13817329756250532,0.1477361605954307,0.4073541382073499,0.25115759540093313,0.04108926401943756,0.16893663196054062,0.064887098449698,0.1555604909949749,0.4572148814326212,0.5096206151448829,0.2723283106084274,0.5328543718048466
0.44097144207633504,0.33003384807792574,0.5542371759901381,0.6868037196298047,0.5611295518300106,0.1689191823610825,0.5618283978613007,0.09714334424659363,0.3862880365660021,0.11956359272878316,0.8077927731769696,0.5275888074920503,0.8376059816504019,0.4208004464884677,0.3925416897906532,0.43949759695420815,0.43954461863643424,0.23032506628872962,0.18758674134067432,0.36607793484693907,0.33881977678537306,0.29831743239302605,0.2341744307690007,0.28237362147352385,0.3294670819035436,0.3832926486507409,0.3046052833808797,0.4269460421869824,0.31803375580594323,0.29968857179952907,0.2643641134895827,0.2748097900947753,0.5471570375643011,0.7437834341224997,0.5329218287785181,0.1978036675990477,0.5110274927465972,0.37458286444500266,0.13418293014354737,0.36541364057708603,0.3535513976748871,0.3402180342463829,0.800476477486849,0.3874774579345312,0.4435261330489476,0.3540208499097782
0.7019314242929798,0.42770855125866575,0.9998285877517965,0.7034389815437339,0.49538773381044154,0.9631463364932324,0.6521729267104904,0.8372903724414658,0.01014938117150649,0.22771125157510186,0.8008786392942181,0.9821616741602507,0.9794763264672565,0.8185492192598562,0.07913486002984417,0.2694912108294959,0.7003341762746396,0.33449216565393963,0.29278430739531897,0.39466589740102387,0.4168061434978696,0.20353964660439397,0.3759102262850773,0.23953799132278325,0.37186098288797115,0.2658978421778966,0.2556361786900292,0.39728839488684603,0.37566196321210193,0.3018775448186776,0.29608569428063186,0.21738427034045338,0.9134102187417003,0.7093302070859735,0.6688714979148846,0.5510284835035829,0.619551801779015,0.5631272526204182,0.06678645174119094,0.4605962563704028,0.36990248684539256,0.5850930776664989,0.9456389874306894,0.6568077524380117,0.3259288178602603,0.3289823658776493
0.13823527014708983,0.7984049571810735,0.35359995962859003,0.4852596783434513,0.5082006658275743,0.06431879143110956,0.32471748901810155,0.6768393326438445,0.7085171195698281,0.7709110565762719,0.41397312587700125,0.75864227914119,0.25176309582011314,0.5510245546071566,0.6096006781554941,0.4755194559905372,0.139094939565341,0.24462987401469344,0.4343754466703052,0.7936932349395003,0.7629924513968352,0.7268380890222432,0.45167814081662694,0.6203755098482252,0.793778069443703,0.7939477782534107,0.8020591245790202,0.7385787290789253,0.7623204819917282,0.5364437887583321,0.6605011302563557,0.7116037851526321,0.34481574473534593,0.5785000413877295,0.2553497658163617,0.059657670755452544,0.23265157863802138,0.3338596947096002,0.09508907457487298,0.23270542072992806,0.11845099463485817,0.25680701915772,0.24046687183834595,0.33172820799944697,0.3869670155047538,0.4944355133786392
0.607456041935047,0.8155126350976553,0.743206976278026,0.21954529155832295,0.4432896191628059,0.3687908337793819,0.9031609840257765,0.7437960211946896,0.3126058040438367,0.5693276246570567,0.958430168672739,0.7656215661916131,0.5192664092553312,0.6370627816055789,0.7454941807780683,0.6691498306287795,0.6079593198948694,0.5637498662311392,0.6779902444818519,0.543522968410404,0.7510946923369366,0.21411274688196638,0.30601580418961544,0.33425504093307734,0.5223694133213262,0.38028897451105875,0.33530265181158914,0.4970855596968705,0.3828774953191335,0.3647499842368219,0.34889151378738253,0.3590785977080334,0.6386133828305955,0.3132898017897388,0.6266041334830059,0.2116201256349588,0.7182237645027224,0.3479706655067103,0.041079675907086895,0.41883874302362656,0.25277488743294585,0.38468002520397987,0.5163249126227809,0.47271713050194436,0.5937935045994586,0.6891553171806368
0.6536599318815252,0.9618501305801445,0.7747626411908942,0.15549843794870225,0.7670137403782342,0.24690057528011375,0.5947611844037084,0.21694503787941918,0.24766057055808977,0.8540918427370111,0.035484155083674154,0.8921490351767907,0.68415881989347,0.6990728088260385,0.1827165121675436,0.8274680545276818,0.6547822076148033,0.7011901393487379,0.8614725822929638,0.555930727272771,0.8815361313065458,0.2129816495077708,0.2731302180326165,0.2885941539976492,0.5046557556051856,0.3534051256208805,0.34563600741864897,0.34440661745577444,0.4075931466976637,0.4198426674144529,0.36569671334393977,0.3147265168039897,0.6448774542346132,0.18868590524155668,0.7567942902390178,0.157601810669024,0.5457626698198595,0.17624020137680332,0.024805071516488184,0.46903575815093096,0.08430203585816314,0.4238154734097078,0.66601220284533,0.49960787127238426,0.30951864425302006,0.8282025260719225
0.3966775748248708,0.10921345719311662,0.489597542184668,0.991837871072224,0.21678276739917504,0.13183927148409066,0.5735688853288323,0.26811772810437057,0.24665520489304416,0.9797976067475487,0.2976153983048669,0.5572452243715283,0.5857921544418826,0.034926243650090394,0.4897315803656181,0.16882376039650368,0.39434206605659794,0.1011229893468379,0.04335668935225286,0.19457183931445804,0.12359686122064797,0.2684921225414487,0.16258916047303607,0.21785499963755053,0.18780037373991426,0.25118743293010454,0.27951370188291635,0.2506274408591106,0.2602234081481015,0.1538897617457357,0.1264297898898784,0.18519453784202433,0.5217631904418041,0.9609392945724632,0.44204772406411097,0.2652697947645577,0.5684661587879463,0.5779640425863345,0.25040774206016525,0.6407956517122372,0.3986972205317846,0.44895732597150023,0.5937756355510689,0.21778289502233067,0.565499461442575,0.13544776871849376
0.5311708424777349,0.7689389173443707,0.902463847655048,0.7164534582166358,0.3733507431737269,0.7050289040893959,0.09247822396969262,0.49350937857149685,0.4766297192212061,0.13827172460767112,0.7242973962384753,0.4734437907965208,0.9495390193325429,0.5709214862326398,0.15901854927801834,0.3337818962870003,0.531673178490218,0.42413103795738244,0.5653976245591729,0.6009055760359486,0.7388339428128952,0.3159083795563393,0.4670615783514558,0.28392806815473487,0.5426838060258922,0.5110804399437832,0.3947092856409699,0.5472609085465223,0.38496204740431494,0.4780002593755564,0.3954107252129688,0.36071310240230253,0.7923621192877098,0.6015285312499604,0.5501209106648202,0.34642329828259233,0.24284400668667674,0.3448912955627102,0.0742248789070206,0.3344478583278032,0.24149038138023443,0.27814766876636765,0.9042582084128151,0.44044891126004576,0.3024050068198908,0.470309275568356
0.6423560447723884,0.6688874406221412,0.8392938244790922,0.9135622867181115,0.6718958114858913,0.44808265463037744,0.30932411624108247,0.02459125952801185,0.13300533180430713,0.3110381920587927,0.5282692321088719,0.697445769461825,0.19079648591101991,0.7567112203236253,0.6349399858422341,0.2760211968100457,0.6421652740493027,0.4606339200930222,0.5161770394046933,0.5058473127259835,0.6580615433975842,0.23011034003785308,0.30912872105317024,0.2374487953881673,0.41072388404765353,0.3183598656793126,0.30136505030630323,0.40736381928861753,0.35123602497071876,0.2638528315949324,0.34352736092745056,0.3168253965901745,0.7407271623937309,0.6693309609882038,0.6912412335321123,0.2708786907672675,0.38889983504629444,0.246585986871635,0.04446010644885452,0.40572051950466403,0.2259437950652783,0.39092857474131604,0.22567393658965268,0.5693762501039595,0.56285843371504,0.4428552374478263
0.3541591409686523,0.8195736782381834,0.9480131475159541,0.19388381513784975,0.1392843654033221,0.7985047029404506,0.12383796366750228,0.8058227700974001,0.6849201061008514,0.7759363287251704,0.2878129102590212,0.9222350206010586,0.993374106989349,0.6238790771564344,0.7036249494177864,0.6787117180299599,0.3550621712149153,0.33120610373315384,0.5293484149341979,0.7179750225059615,0.7642255486133291,0.5164534205744008,0.6869955909398254,0.4438939851235245,0.7362100112044235,0.7649890739741809,0.6669915393591849,0.6468986962088514,0.7333453092582738,0.6442027047375728,0.576201727964184,0.5934421394548648,0.8452055016785847,0.4446254843160841,0.3823201417617709,0.3551197803559889,0.22079046465116775,0.4197628834652709,0.10291449865366005,0.38514332425864795,0.1540449079097734,0.41034433184127556,0.9251174775056161,0.4433222959244955,0.5300064248720887,0.572396072424231
0.7555972716991868,0.03021892166332185,0.8672925694908914,0.24965795415089456,0.9550885569542004,0.9330990591220168,0.47573662895110835,0.22540283236185532,0.123796187714698,0.9521222667371372,0.9975583837768823,0.8014907238584995,0.7537840459799642,0.26638585832018596,0.2980140554336315,0.7486013327957632,0.7512027337599594,0.09363778393407325,0.019762607411895766,0.10116066242359731,0.05420611769089306,0.1197889898435058,0.1379285369503491,0.06927466130931387,0.08028890303001723,0.12239425254134735,0.09287086616592578,0.14485510861194376,0.13970450251791405,0.07211259021845015,0.054481322587783224,0.055966789726298795,0.8676804999735636,0.673308122502704,0.8825947162256197,0.785228493444898,0.6106150532426582,0.6499324064922246,0.31106616192868286,0.836718595905497,0.7531900961986737,0.7309210484904161,0.7627548305797658,0.428213378909784,0.5511177651400114,0.3309653783570493
