,min,max
liquid_inlet_conc_mol_comp_H2SO4,0.0250191581131623,0.0749880734008034
solid_inlet_flow_mass,22.68673364681333,45.35953463532904
liquid_outlet_flow_vol,224.39390856888429,224.57517308508025
liquid_outlet_conc_mass_comp_H,0.6444280782943089,3.2035658261520186
liquid_outlet_conc_mass_comp_HSO4,145.9405261268147,1722.283006122994
liquid_outlet_conc_mass_comp_SO4,2165.1489860679385,6073.620368885305
liquid_outlet_conc_mass_comp_Al,109.86564006008902,625.9059462144304
liquid_outlet_conc_mass_comp_Ca,116.56133595914508,234.359398020153
liquid_outlet_conc_mass_comp_Ce,4.360034764293915,10.041173849599566
liquid_outlet_conc_mass_comp_Dy,0.1192037800991949,0.2649923440666341
liquid_outlet_conc_mass_comp_Fe,445.2393344630003,1199.0475812305697
liquid_outlet_conc_mass_comp_Gd,0.3794019044637263,0.961628219676733
liquid_outlet_conc_mass_comp_La,1.839297340152459,4.046843358195583
liquid_outlet_conc_mass_comp_Nd,1.9928986874577976,4.709720810375913
liquid_outlet_conc_mass_comp_Pr,0.5873910289581938,1.299822126651541
liquid_outlet_conc_mass_comp_Sc,0.0638214714807513,0.1645224621547817
liquid_outlet_conc_mass_comp_Sm,0.2230394495896288,0.523073914555697
liquid_outlet_conc_mass_comp_Y,0.2862376640549466,0.678407436490246
solid_outlet_flow_mass,22.097242928511847,45.01724473310575
solid_outlet_mass_frac_comp_Al2O3,0.2316312588973784,0.2373721107117473
solid_outlet_mass_frac_comp_CaO,0.0016037153087212,0.0018415524394554
solid_outlet_mass_frac_comp_Ce2O3,8.37342830724699e-05,0.0001206864495398
solid_outlet_mass_frac_comp_Dy2O3,5.811930796818466e-06,6.558589067831047e-06
solid_outlet_mass_frac_comp_Fe2O3,0.0519857686746098,0.0610194936613243
solid_outlet_mass_frac_comp_Gd2O3,3.074879291566273e-06,7.92898867875728e-06
solid_outlet_mass_frac_comp_La2O3,4.01690049957142e-05,5.150640844442661e-05
solid_outlet_mass_frac_comp_Nd2O3,3.286199515426333e-05,5.227818835932899e-05
solid_outlet_mass_frac_comp_Pr2O3,8.219193966028672e-06,1.1977598167992209e-05
solid_outlet_mass_frac_comp_Sc2O3,2.6571295217307584e-05,2.73818661882143e-05
solid_outlet_mass_frac_comp_Sm2O3,1.1053090539053775e-05,1.3090945904790594e-05
solid_outlet_mass_frac_comp_Y2O3,2.774409239284008e-05,3.0589780460999133e-05
solid_outlet_mass_frac_comp_inerts,0.6994458763091961,0.7145400173538644
